model,N,param,b_over_c,r,delta,rule,pi_init,bc_star_single,bc_star_two,rho_C_two_sim,se_two,rho_C_single_sim,se_single,rho_C_two_pred,rho_C_single_pred
BA,15,2.0,4.0,5.0,0.02,dB-dB,0.1346153846153846,7.453370738399665,5.2733662136191795,0.1328733333333333,0.000619725774361,0.1295266666666666,0.0006130511378585,0.1325877976741976,0.1291165663356415
BA,15,2.0,4.571428571428571,5.0,0.02,dB-dB,0.1346153846153846,7.453370738399665,5.2733662136191795,0.1343966666666666,0.0006227203830922,0.1300766666666666,0.0006141572205213,0.1334976860447683,0.1300264547062122
BA,15,2.0,5.142857142857142,5.0,0.02,dB-dB,0.1346153846153846,7.453370738399665,5.2733662136191795,0.1339533333333333,0.0006218516377781,0.1301633333333333,0.0006143311810114,0.134407574415339,0.1309363430767828
BA,15,2.0,5.714285714285714,5.0,0.02,dB-dB,0.1346153846153846,7.453370738399665,5.2733662136191795,0.13414,0.0006222177014518,0.13154,0.0006170824591035,0.1353174627859096,0.1318462314473535
BA,15,2.0,6.285714285714286,5.0,0.02,dB-dB,0.1346153846153846,7.453370738399665,5.2733662136191795,0.1361633333333333,0.0006261599369407,0.13282,0.0006196204418835,0.1362273511564803,0.1327561198179242
BA,15,2.0,6.857142857142857,5.0,0.02,dB-dB,0.1346153846153846,7.453370738399665,5.2733662136191795,0.1359433333333333,0.0006257335520692,0.13294,0.0006198573932768,0.1371372395270509,0.1336660081884949
BA,15,2.0,7.428571428571429,5.0,0.02,dB-dB,0.1346153846153846,7.453370738399665,5.2733662136191795,0.1381766666666666,0.000630036706485,0.1342433333333333,0.0006224201710229,0.1380471278976216,0.1345758965590655
BA,15,2.0,8.0,5.0,0.02,dB-dB,0.1346153846153846,7.453370738399665,5.2733662136191795,0.1386,0.0006308460985058,0.1351966666666666,0.0006242823292626,0.1389570162681923,0.1354857849296362
ER,30,0.2,7.0,5.0,0.02,dB-dB,0.0523255813953488,9.841687606317322,8.378608153002899,0.04996,0.0004871549979216,0.04869,0.0004812446565937,0.0506088297168526,0.0487868877083278
ER,30,0.2,7.571428571428571,5.0,0.02,dB-dB,0.0523255813953488,9.841687606317322,8.378608153002899,0.052015,0.0004965351939943,0.04923,0.0004837685763875,0.0513204176738829,0.0494984756653581
ER,30,0.2,8.142857142857142,5.0,0.02,dB-dB,0.0523255813953488,9.841687606317322,8.378608153002899,0.051935,0.0004961741416831,0.05061,0.0004901460389516,0.0520320056309133,0.0502100636223885
ER,30,0.2,8.714285714285714,5.0,0.02,dB-dB,0.0523255813953488,9.841687606317322,8.378608153002899,0.051845,0.0004957675663806,0.05103,0.0004920667591902,0.0527435935879436,0.0509216515794188
ER,30,0.2,9.285714285714285,5.0,0.02,dB-dB,0.0523255813953488,9.841687606317322,8.378608153002899,0.05285,0.0005002843066697,0.051775,0.0004954510539649,0.0534551815449739,0.0516332395364491
ER,30,0.2,9.857142857142858,5.0,0.02,dB-dB,0.0523255813953488,9.841687606317322,8.378608153002899,0.05396,0.0005052144020116,0.05165,0.0004948852265929,0.0541667695020042,0.0523448274934794
ER,30,0.2,10.428571428571429,5.0,0.02,dB-dB,0.0523255813953488,9.841687606317322,8.378608153002899,0.05394,0.000505126105047,0.052175,0.00049725631909,0.0548783574590345,0.0530564154505097
ER,30,0.2,11.0,5.0,0.02,dB-dB,0.0523255813953488,9.841687606317322,8.378608153002899,0.05633,0.0005155430685209,0.05311,0.0005014445527673,0.0555899454160648,0.05376800340754
BA,30,2.0,3.5,5.0,0.02,dB-dB,0.1071428571428571,5.518925951487901,4.496893603257467,0.10449,0.0006840023388117,0.101425,0.0006750480330132,0.1041936086923154,0.10116998880994
BA,30,2.0,3.928571428571429,5.0,0.02,dB-dB,0.1071428571428571,5.518925951487901,4.496893603257467,0.105195,0.0006860357569944,0.10292,0.000679439009772,0.1054615109213302,0.1024378910389548
BA,30,2.0,4.357142857142857,5.0,0.02,dB-dB,0.1071428571428571,5.518925951487901,4.496893603257467,0.106745,0.0006904726822076,0.103965,0.0006824817901416,0.106729413150345,0.1037057932679696
BA,30,2.0,4.785714285714286,5.0,0.02,dB-dB,0.1071428571428571,5.518925951487901,4.496893603257467,0.108765,0.0006961866659704,0.10417,0.0006830761710819,0.1079973153793598,0.1049736954969844
BA,30,2.0,5.214285714285714,5.0,0.02,dB-dB,0.1071428571428571,5.518925951487901,4.496893603257467,0.10869,0.0006959758756594,0.104935,0.0006852869682658,0.1092652176083746,0.1062415977259992
BA,30,2.0,5.642857142857142,5.0,0.02,dB-dB,0.1071428571428571,5.518925951487901,4.496893603257467,0.109885,0.0006993221245427,0.10695,0.0006910560668281,0.1105331198373893,0.107509499955014
BA,30,2.0,6.071428571428571,5.0,0.02,dB-dB,0.1071428571428571,5.518925951487901,4.496893603257467,0.11226,0.000705895503598,0.108885,0.0006965237137922,0.1118010220664041,0.1087774021840288
BA,30,2.0,6.5,5.0,0.02,dB-dB,0.1071428571428571,5.518925951487901,4.496893603257467,0.114355,0.0007116106167525,0.108485,0.0006953991831135,0.1130689242954189,0.1100453044130436
BA,50,2.0,3.0,5.0,0.02,dB-dB,0.078125,4.964648447975711,4.3213915736862525,0.07417,0.0008286664654732,0.06976,0.0008055652822707,0.0732398599660923,0.0708617610200611
BA,50,2.0,3.4285714285714284,5.0,0.02,dB-dB,0.078125,4.964648447975711,4.3213915736862525,0.07436,0.0008296420336506,0.07104,0.0008123627170174,0.0748242740677069,0.0724461751216757
BA,50,2.0,3.857142857142857,5.0,0.02,dB-dB,0.078125,4.964648447975711,4.3213915736862525,0.07676,0.0008418307573378,0.07474,0.000831588434263,0.0764086881693216,0.0740305892232904
BA,50,2.0,4.285714285714286,5.0,0.02,dB-dB,0.078125,4.964648447975711,4.3213915736862525,0.0775,0.0008455397684319,0.07606,0.0008383011177375,0.0779931022709363,0.0756150033249051
BA,50,2.0,4.714285714285714,5.0,0.02,dB-dB,0.078125,4.964648447975711,4.3213915736862525,0.0799,0.0008574146604764,0.07643,0.0008401693585224,0.0795775163725509,0.0771994174265198
BA,50,2.0,5.142857142857142,5.0,0.02,dB-dB,0.078125,4.964648447975711,4.3213915736862525,0.08266,0.0008707888630431,0.07955,0.0008556973618049,0.0811619304741656,0.0787838315281344
BA,50,2.0,5.571428571428571,5.0,0.02,dB-dB,0.078125,4.964648447975711,4.3213915736862525,0.08223,0.0008687245081152,0.0806,0.000860834711196,0.0827463445757803,0.0803682456297491
BA,50,2.0,6.0,5.0,0.02,dB-dB,0.078125,4.964648447975711,4.3213915736862525,0.08561,0.000884765098204,0.08137,0.0008645745953935,0.084330758677395,0.0819526597313638
ER,100,0.1,10.0,5.0,0.02,dB-dB,0.0076045627376425,13.303900231053708,12.756365196863086,0.006265,0.0001764334120142,0.006195,0.0001754511609394,0.0061769160522589,0.0058933227977862
ER,100,0.1,10.714285714285714,5.0,0.02,dB-dB,0.0076045627376425,13.303900231053708,12.756365196863086,0.00691,0.000185232987073,0.006175,0.0001751694804325,0.006546877055096,0.0062632838006233
ER,100,0.1,11.428571428571429,5.0,0.02,dB-dB,0.0076045627376425,13.303900231053708,12.756365196863086,0.006925,0.0001854325264752,0.00693,0.0001854989905632,0.0069168380579332,0.0066332448034605
ER,100,0.1,12.142857142857142,5.0,0.02,dB-dB,0.0076045627376425,13.303900231053708,12.756365196863086,0.00735,0.0001909970876741,0.007405,0.0001917050595967,0.0072867990607703,0.0070032058062976
ER,100,0.1,12.857142857142858,5.0,0.02,dB-dB,0.0076045627376425,13.303900231053708,12.756365196863086,0.008045,0.0001997533225631,0.007085,0.0001875473643509,0.0076567600636075,0.0073731668091348
ER,100,0.1,13.571428571428571,5.0,0.02,dB-dB,0.0076045627376425,13.303900231053708,12.756365196863086,0.007795,0.000196649917048,0.00729,0.0001902216588614,0.0080267210664447,0.007743127811972
ER,100,0.1,14.285714285714285,5.0,0.02,dB-dB,0.0076045627376425,13.303900231053708,12.756365196863086,0.00813,0.0002007971999306,0.007815,0.0001969000479304,0.0083966820692818,0.0081130888148091
ER,100,0.1,15.0,5.0,0.02,dB-dB,0.0076045627376425,13.303900231053708,12.756365196863086,0.008915,0.0002101847137043,0.00855,0.0002058749316939,0.008766643072119,0.0084830498176463
BA,15,2.0,4.0,5.0,0.2,dB-dB,0.1346153846153846,7.453370738399665,5.2733662136191795,0.12214,0.001464389431811,0.09016,0.0012808682555204,0.1143395152035149,0.0796272018179539
BA,15,2.0,4.571428571428571,5.0,0.2,dB-dB,0.1346153846153846,7.453370738399665,5.2733662136191795,0.12714,0.0014898014659678,0.09826,0.0013312022566086,0.1234383989092216,0.0887260855236606
BA,15,2.0,5.142857142857142,5.0,0.2,dB-dB,0.1346153846153846,7.453370738399665,5.2733662136191795,0.13172,0.0015124142395521,0.10402,0.0013652826784223,0.1325372826149282,0.0978249692293673
BA,15,2.0,5.714285714285714,5.0,0.2,dB-dB,0.1346153846153846,7.453370738399665,5.2733662136191795,0.13924,0.0015482391443184,0.11304,0.001416064676489,0.1416361663206349,0.1069238529350739
BA,15,2.0,6.285714285714286,5.0,0.2,dB-dB,0.1346153846153846,7.453370738399665,5.2733662136191795,0.14462,0.0015729275609512,0.1153,0.0014283270633856,0.1507350500263416,0.1160227366407806
BA,15,2.0,6.857142857142857,5.0,0.2,dB-dB,0.1346153846153846,7.453370738399665,5.2733662136191795,0.1481,0.0015884985993069,0.12058,0.0014562998564856,0.1598339337320483,0.1251216203464873
BA,15,2.0,7.428571428571429,5.0,0.2,dB-dB,0.1346153846153846,7.453370738399665,5.2733662136191795,0.1526,0.0016081868050696,0.1261,0.001484579334357,0.168932817437755,0.134220504052194
BA,15,2.0,8.0,5.0,0.2,dB-dB,0.1346153846153846,7.453370738399665,5.2733662136191795,0.15612,0.0016232470274114,0.13188,0.0015131930848374,0.1780317011434616,0.1433193877579007
ER,30,0.2,7.0,5.0,0.2,dB-dB,0.0523255813953488,9.841687606317322,8.378608153002899,0.04432,0.0009203883702003,0.02958,0.0007576941810519,0.0351580646103873,0.0169386445251392
ER,30,0.2,7.571428571428571,5.0,0.2,dB-dB,0.0523255813953488,9.841687606317322,8.378608153002899,0.0472,0.0009483897932812,0.03216,0.0007889959999898,0.0422739441806903,0.0240545240954423
ER,30,0.2,8.142857142857142,5.0,0.2,dB-dB,0.0523255813953488,9.841687606317322,8.378608153002899,0.04978,0.0009726453783368,0.03564,0.0008290933650681,0.0493898237509934,0.0311704036657454
ER,30,0.2,8.714285714285714,5.0,0.2,dB-dB,0.0523255813953488,9.841687606317322,8.378608153002899,0.05598,0.0010280684763185,0.03972,0.0008734108036886,0.0565057033212965,0.0382862832360485
ER,30,0.2,9.285714285714285,5.0,0.2,dB-dB,0.0523255813953488,9.841687606317322,8.378608153002899,0.05874,0.0010515665685062,0.0422,0.0008991013291059,0.0636215828915996,0.0454021628063515
ER,30,0.2,9.857142857142858,5.0,0.2,dB-dB,0.0523255813953488,9.841687606317322,8.378608153002899,0.05998,0.0010619077135043,0.04418,0.0009190008443956,0.0707374624619027,0.0525180423766546
ER,30,0.2,10.428571428571429,5.0,0.2,dB-dB,0.0523255813953488,9.841687606317322,8.378608153002899,0.06642,0.0011136281569716,0.05024,0.0009768924444379,0.0778533420322057,0.0596339219469577
ER,30,0.2,11.0,5.0,0.2,dB-dB,0.0523255813953488,9.841687606317322,8.378608153002899,0.06996,0.0011407506160419,0.05224,0.000995097808258,0.0849692216025088,0.0667498015172608
BA,30,2.0,3.5,5.0,0.2,dB-dB,0.1071428571428571,5.518925951487901,4.496893603257467,0.08928,0.001275218268376,0.05924,0.0010557520769574,0.0776503726374401,0.0474141738136863
BA,30,2.0,3.928571428571429,5.0,0.2,dB-dB,0.1071428571428571,5.518925951487901,4.496893603257467,0.09752,0.0013267241582182,0.07136,0.0011512406386155,0.090329394927588,0.0600931961038343
BA,30,2.0,4.357142857142857,5.0,0.2,dB-dB,0.1071428571428571,5.518925951487901,4.496893603257467,0.10446,0.001367831191339,0.07836,0.0012018295253487,0.1030084172177359,0.0727722183939821
BA,30,2.0,4.785714285714286,5.0,0.2,dB-dB,0.1071428571428571,5.518925951487901,4.496893603257467,0.1135,0.0014185749892057,0.08666,0.0012581736318966,0.1156874395078838,0.0854512406841301
BA,30,2.0,5.214285714285714,5.0,0.2,dB-dB,0.1071428571428571,5.518925951487901,4.496893603257467,0.1187,0.001446446058448,0.09542,0.0013138875416107,0.1283664617980318,0.098130262974278
BA,30,2.0,5.642857142857142,5.0,0.2,dB-dB,0.1071428571428571,5.518925951487901,4.496893603257467,0.12778,0.0014929988050899,0.10444,0.0013677155142791,0.1410454840881796,0.1108092852644259
BA,30,2.0,6.071428571428571,5.0,0.2,dB-dB,0.1071428571428571,5.518925951487901,4.496893603257467,0.1334,0.0015205554248365,0.11374,0.001419881772543,0.1537245063783275,0.1234883075545738
BA,30,2.0,6.5,5.0,0.2,dB-dB,0.1071428571428571,5.518925951487901,4.496893603257467,0.14354,0.0015680323236464,0.11748,0.001439989233293,0.1664035286684755,0.1361673298447217
BA,50,2.0,3.0,5.0,0.2,dB-dB,0.078125,4.964648447975711,4.3213915736862525,0.05124,0.0009860472848702,0.0286,0.0007454131740182,0.0292735996609229,0.005492610200611
BA,50,2.0,3.4285714285714284,5.0,0.2,dB-dB,0.078125,4.964648447975711,4.3213915736862525,0.06072,0.0010680176178322,0.03904,0.0008662087323503,0.0451177406770696,0.0213367512167577
BA,50,2.0,3.857142857142857,5.0,0.2,dB-dB,0.078125,4.964648447975711,4.3213915736862525,0.0688,0.0011319590098585,0.04776,0.0009537188516538,0.0609618816932164,0.0371808922329045
BA,50,2.0,4.285714285714286,5.0,0.2,dB-dB,0.078125,4.964648447975711,4.3213915736862525,0.07766,0.0011969037087418,0.05608,0.0010289318111517,0.0768060227093631,0.0530250332490512
BA,50,2.0,4.714285714285714,5.0,0.2,dB-dB,0.078125,4.964648447975711,4.3213915736862525,0.0864,0.001256463608705,0.0686,0.0011304338989963,0.0926501637255098,0.0688691742651979
BA,50,2.0,5.142857142857142,5.0,0.2,dB-dB,0.078125,4.964648447975711,4.3213915736862525,0.09946,0.0013384147966904,0.07724,0.0011939345241678,0.1084943047416565,0.0847133152813446
BA,50,2.0,5.571428571428571,5.0,0.2,dB-dB,0.078125,4.964648447975711,4.3213915736862525,0.10886,0.0013929070349452,0.08856,0.0012705677974826,0.1243384457578032,0.1005574562974914
BA,50,2.0,6.0,5.0,0.2,dB-dB,0.078125,4.964648447975711,4.3213915736862525,0.11602,0.0014321966317513,0.09864,0.0013334927851323,0.14018258677395,0.1164015973136381
ER,100,0.1,10.0,5.0,0.2,dB-dB,0.0076045627376425,13.303900231053708,12.756365196863086,0.0026,0.0002277384464687,0.00136,0.0001648120383952,-0.0066719041161939,-0.0095078366609209
ER,100,0.1,10.714285714285714,5.0,0.2,dB-dB,0.0076045627376425,13.303900231053708,12.756365196863086,0.0036,0.000267844731141,0.00214,0.0002066601267782,-0.0029722940878224,-0.0058082266325493
ER,100,0.1,11.428571428571429,5.0,0.2,dB-dB,0.0076045627376425,13.303900231053708,12.756365196863086,0.00508,0.0003179368993998,0.00306,0.0002470075464434,0.0007273159405491,-0.0021086166041778
ER,100,0.1,12.142857142857142,5.0,0.2,dB-dB,0.0076045627376425,13.303900231053708,12.756365196863086,0.00692,0.0003707320757636,0.00412,0.0002864620603151,0.0044269259689206,0.0015909934241937
ER,100,0.1,12.857142857142858,5.0,0.2,dB-dB,0.0076045627376425,13.303900231053708,12.756365196863086,0.00754,0.0003868629834967,0.00568,0.0003360874171997,0.0081265359972922,0.0052906034525652
ER,100,0.1,13.571428571428571,5.0,0.2,dB-dB,0.0076045627376425,13.303900231053708,12.756365196863086,0.00964,0.0004369684290655,0.00696,0.0003717945238972,0.0118261460256637,0.0089902134809368
ER,100,0.1,14.285714285714285,5.0,0.2,dB-dB,0.0076045627376425,13.303900231053708,12.756365196863086,0.01232,0.0004933197259384,0.00968,0.0004378652212724,0.0155257560540352,0.0126898235093083
ER,100,0.1,15.0,5.0,0.2,dB-dB,0.0076045627376425,13.303900231053708,12.756365196863086,0.01544,0.00055139108444,0.01176,0.0004821141441609,0.0192253660824068,0.0163894335376798
ER,100,0.1,11.0,5.0,0.02,dB-Bd,0.0076045627376425,13.303900231053708,12.683333220666984,0.0066,0.0003621171081294,0.00716,0.0003770605892956,0.0067326880326447,0.0064112682017582
ER,100,0.1,11.714285714285714,5.0,0.02,dB-Bd,0.0076045627376425,13.303900231053708,12.683333220666984,0.00762,0.0003888942169793,0.00678,0.0003669885992779,0.0071026490354818,0.0067812292045954
ER,100,0.1,12.428571428571429,5.0,0.02,dB-Bd,0.0076045627376425,13.303900231053708,12.683333220666984,0.00792,0.0003964157817241,0.00736,0.0003822520215773,0.007472610038319,0.0071511902074325
ER,100,0.1,13.142857142857142,5.0,0.02,dB-Bd,0.0076045627376425,13.303900231053708,12.683333220666984,0.00776,0.0003924227924063,0.0074,0.0003832816197001,0.0078425710411561,0.0075211512102697
ER,100,0.1,13.857142857142858,5.0,0.02,dB-Bd,0.0076045627376425,13.303900231053708,12.683333220666984,0.00744,0.0003843083761772,0.00778,0.0003929242064317,0.0082125320439933,0.0078911122131068
ER,100,0.1,14.571428571428571,5.0,0.02,dB-Bd,0.0076045627376425,13.303900231053708,12.683333220666984,0.00892,0.0004204862328305,0.00802,0.0003988904511266,0.0085824930468304,0.008261073215944
ER,100,0.1,15.285714285714285,5.0,0.02,dB-Bd,0.0076045627376425,13.303900231053708,12.683333220666984,0.0088,0.0004176735567401,0.00842,0.0004086343989436,0.0089524540496676,0.0086310342187811
ER,100,0.1,16.0,5.0,0.02,dB-Bd,0.0076045627376425,13.303900231053708,12.683333220666984,0.00888,0.0004195508455479,0.00888,0.0004195508455479,0.0093224150525047,0.0090009952216183
ER,100,0.1,11.0,5.0,0.2,dB-Bd,0.0076045627376425,13.303900231053708,12.683333220666984,0.00392,0.0002794506611192,0.00254,0.000225102127933,-0.0011141843123361,-0.0043283826212007
ER,100,0.1,11.714285714285714,5.0,0.2,dB-Bd,0.0076045627376425,13.303900231053708,12.683333220666984,0.0058,0.0003395985865694,0.0033,0.0002564804086085,0.0025854257160353,-0.0006287725928292
ER,100,0.1,12.428571428571429,5.0,0.2,dB-Bd,0.0076045627376425,13.303900231053708,12.683333220666984,0.00696,0.0003717945238972,0.00496,0.0003141782424038,0.0062850357444069,0.0030708374355423
ER,100,0.1,13.142857142857142,5.0,0.2,dB-Bd,0.0076045627376425,13.303900231053708,12.683333220666984,0.0084,0.0004081529125217,0.00642,0.000357177367704,0.0099846457727784,0.0067704474639138
ER,100,0.1,13.857142857142858,5.0,0.2,dB-Bd,0.0076045627376425,13.303900231053708,12.683333220666984,0.0111,0.0004685464758164,0.00746,0.0003848206959091,0.01368425580115,0.0104700574922854
ER,100,0.1,14.571428571428571,5.0,0.2,dB-Bd,0.0076045627376425,13.303900231053708,12.683333220666984,0.01348,0.0005157187140292,0.01094,0.000465194935484,0.0173838658295215,0.0141696675206569
ER,100,0.1,15.285714285714285,5.0,0.2,dB-Bd,0.0076045627376425,13.303900231053708,12.683333220666984,0.01684,0.0005754374753176,0.01348,0.0005157187140292,0.021083475857893,0.0178692775490284
ER,100,0.1,16.0,5.0,0.2,dB-Bd,0.0076045627376425,13.303900231053708,12.683333220666984,0.01978,0.0006227158517333,0.0147,0.0005382176139815,0.0247830858862646,0.0215688875774
BA,100,2.0,3.5,5.0,0.02,dB-dB,0.04591836734693878,4.492273154782122,4.169479730508766,0.0439,0.0009162182054510814,0.04118,0.0008886417455870505,0.04288518945589752,0.04142272564517782
BA,100,2.0,3.7142857142857144,5.0,0.02,dB-dB,0.04591836734693878,4.492273154782122,4.169479730508766,0.04376,0.0009148230692325156,0.04228,0.0008999155693730385,0.043856042883294755,0.04239357907257506
BA,100,2.0,3.9285714285714284,5.0,0.02,dB-dB,0.04591836734693878,4.492273154782122,4.169479730508766,0.04478,0.0009249297443589972,0.04338,0.0009110233323027463,0.04482689631069199,0.043364432499972294
BA,100,2.0,4.142857142857142,5.0,0.02,dB-dB,0.04591836734693878,4.492273154782122,4.169479730508766,0.0451,0.0009280731652192083,0.04374,0.0009146235553494127,0.04579774973808922,0.044335285927369524
BA,100,2.0,4.357142857142857,5.0,0.02,dB-dB,0.04591836734693878,4.492273154782122,4.169479730508766,0.04762,0.0009523899999475004,0.0434,0.0009112237924900776,0.04676860316548646,0.04530613935476676
BA,100,2.0,4.571428571428571,5.0,0.02,dB-dB,0.04591836734693878,4.492273154782122,4.169479730508766,0.04882,0.0009637075033432084,0.04428,0.0009199921912712086,0.0477394565928837,0.046276992782163996
BA,100,2.0,4.785714285714286,5.0,0.02,dB-dB,0.04591836734693878,4.492273154782122,4.169479730508766,0.04738,0.0009501066845360052,0.04528,0.0009298357016161511,0.048710310020280936,0.04724784620956123
BA,100,2.0,5.0,5.0,0.02,dB-dB,0.04591836734693878,4.492273154782122,4.169479730508766,0.05064,0.0009805670849054643,0.0478,0.0009540981081628871,0.04968116344767817,0.04821869963695847
BA,100,2.0,3.5,5.0,0.2,dB-dB,0.04591836734693878,4.492273154782122,4.169479730508766,0.03,0.000762889244910426,0.01696,0.0005774488444875442,0.015586588436526161,0.0009619503293291781
BA,100,2.0,3.7142857142857144,5.0,0.2,dB-dB,0.04591836734693878,4.492273154782122,4.169479730508766,0.03382,0.0008084084066856307,0.02096,0.0006406352846979316,0.02529512271049852,0.010670484603301542
BA,100,2.0,3.9285714285714284,5.0,0.2,dB-dB,0.04591836734693878,4.492273154782122,4.169479730508766,0.0391,0.0008668470453315279,0.02636,0.0007164516787613802,0.03500365698447089,0.0203790188772739
BA,100,2.0,4.142857142857142,5.0,0.2,dB-dB,0.04591836734693878,4.492273154782122,4.169479730508766,0.04592,0.0009360700144754132,0.03348,0.0008044760978425649,0.04471219125844322,0.030087553151246237
BA,100,2.0,4.357142857142857,5.0,0.2,dB-dB,0.04591836734693878,4.492273154782122,4.169479730508766,0.05108,0.0009845895957199628,0.03918,0.0008676972697894122,0.05442072553241558,0.0397960874252186
BA,100,2.0,4.571428571428571,5.0,0.2,dB-dB,0.04591836734693878,4.492273154782122,4.169479730508766,0.06026,0.0010642249048016118,0.04636,0.0009403270750116685,0.06412925980638796,0.04950462169919099
BA,100,2.0,4.785714285714286,5.0,0.2,dB-dB,0.04591836734693878,4.492273154782122,4.169479730508766,0.0654,0.0011056476834869235,0.0546,0.0010160594470797464,0.07383779408036034,0.05921315597316335
BA,100,2.0,5.0,5.0,0.2,dB-dB,0.04591836734693878,4.492273154782122,4.169479730508766,0.07316,0.001164539517577656,0.0625,0.0010825317547305483,0.0835463283543327,0.06892169024713571
BA,100,2.0,3.5,5.0,0.02,dB-Bd,0.04591836734693878,4.492273154782122,4.265925199313146,0.0422,0.0008991013291059023,0.04058,0.0008824201221640404,0.042448228857484414,0.04142272564517782
BA,100,2.0,3.7142857142857144,5.0,0.02,dB-Bd,0.04591836734693878,4.492273154782122,4.265925199313146,0.04432,0.0009203883702003192,0.04344,0.0009116245542985335,0.04341908228488165,0.04239357907257506
BA,100,2.0,3.9285714285714284,5.0,0.02,dB-Bd,0.04591836734693878,4.492273154782122,4.265925199313146,0.0429,0.0009061963363421858,0.04412,0.0009184054181024848,0.04438993571227889,0.043364432499972294
BA,100,2.0,4.142857142857142,5.0,0.02,dB-Bd,0.04591836734693878,4.492273154782122,4.265925199313146,0.0466,0.0009426392735293815,0.04524,0.0009294443759580237,0.045360789139676116,0.044335285927369524
BA,100,2.0,4.357142857142857,5.0,0.02,dB-Bd,0.04591836734693878,4.492273154782122,4.265925199313146,0.04546,0.0009315942077965062,0.04706,0.0009470518085089116,0.04633164256707335,0.04530613935476676
BA,100,2.0,4.571428571428571,5.0,0.02,dB-Bd,0.04591836734693878,4.492273154782122,4.265925199313146,0.04838,0.0009595767358580553,0.0477,0.0009531496209934724,0.047302495994470596,0.046276992782163996
BA,100,2.0,4.785714285714286,5.0,0.02,dB-Bd,0.04591836734693878,4.492273154782122,4.265925199313146,0.04866,0.0009622079234760021,0.04782,0.0009542876673204994,0.04827334942186783,0.04724784620956123
BA,100,2.0,5.0,5.0,0.02,dB-Bd,0.04591836734693878,4.492273154782122,4.265925199313146,0.04958,0.0009707916728114225,0.04868,0.0009623955278366583,0.04924420284926507,0.04821869963695847
BA,100,2.0,3.5,5.0,0.2,dB-Bd,0.04591836734693878,4.492273154782122,4.265925199313146,0.02546,0.0007044400386122299,0.01706,0.0005791192692356212,0.011216982452395122,0.0009619503293291781
BA,100,2.0,3.7142857142857144,5.0,0.2,dB-Bd,0.04591836734693878,4.492273154782122,4.265925199313146,0.03004,0.0007633819280019669,0.02132,0.0006459946996686583,0.02092551672636749,0.010670484603301542
BA,100,2.0,3.9285714285714284,5.0,0.2,dB-Bd,0.04591836734693878,4.492273154782122,4.265925199313146,0.03504,0.0008223405425977732,0.02634,0.0007161871878217313,0.03063405100033985,0.0203790188772739
BA,100,2.0,4.142857142857142,5.0,0.2,dB-Bd,0.04591836734693878,4.492273154782122,4.265925199313146,0.04098,0.0008865736246922756,0.03266,0.0007949003006666937,0.040342585274312184,0.030087553151246237
BA,100,2.0,4.357142857142857,5.0,0.2,dB-Bd,0.04591836734693878,4.492273154782122,4.265925199313146,0.05026,0.0009770765824642406,0.03892,0.0008649304434461768,0.05005111954828455,0.0397960874252186
BA,100,2.0,4.571428571428571,5.0,0.2,dB-Bd,0.04591836734693878,4.492273154782122,4.265925199313146,0.05342,0.001005647091180599,0.04728,0.0009491533237575477,0.05975965382225694,0.04950462169919099
BA,100,2.0,4.785714285714286,5.0,0.2,dB-Bd,0.04591836734693878,4.492273154782122,4.265925199313146,0.06132,0.0010729385592847336,0.0535,0.0010063572924165652,0.06946818809622929,0.05921315597316335
BA,100,2.0,5.0,5.0,0.2,dB-Bd,0.04591836734693878,4.492273154782122,4.265925199313146,0.06982,0.0011396944116735853,0.05966,0.0010592514753352954,0.07917672237020165,0.06892169024713571
