node,degree,closeness,betweenness,clustering,theta_diff,theta2,bc_single,network
0,1,0.2,0.0,0.0,0.9722222222222219,-2.222222222222223,2.2857142857142874,ER N=15 p=0.1 (G1)
1,2,0.3333333333333333,0.5,0.0,1.5415875318842591,-3.9496835800056385,2.5620884304753035,ER N=15 p=0.1 (G1)
2,2,0.2903225806451613,0.38888888888888884,0.0,1.6050111516700873,-3.9738123389722784,2.4758783356971352,ER N=15 p=0.1 (G1)
3,2,0.2903225806451613,0.38888888888888884,0.0,1.6050111516700856,-3.9738123389722793,2.4758783356971388,ER N=15 p=0.1 (G1)
4,2,0.36,0.5555555555555556,0.0,1.5183145378424046,-3.9405581411239843,2.595350332826096,ER N=15 p=0.1 (G1)
5,2,0.24324324324324326,0.2222222222222222,0.0,1.8267864180764048,-4.040782244609205,2.2119620578655956,ER N=15 p=0.1 (G1)
6,2,0.3333333333333333,0.5,0.0,1.541587531884261,-3.9496835800056402,2.5620884304753018,ER N=15 p=0.1 (G1)
7,2,0.36,0.5555555555555556,0.0,1.5183145378424046,-3.940558141123986,2.5953503328260967,ER N=15 p=0.1 (G1)
8,1,0.2,0.0,0.0,0.9722222222222223,-2.2222222222222214,2.2857142857142847,ER N=15 p=0.1 (G1)
9,2,0.24324324324324326,0.2222222222222222,0.0,1.8267864180764013,-4.040782244609197,2.2119620578655956,ER N=15 p=0.1 (G1)
0,1,0.4375,0.0,0.0,0.14793897179498083,-1.3280622351817295,8.97709521073464,BA N=15 m=2 (G1)
1,6,0.6363636363636364,0.15567765567765565,0.26666666666666666,0.9194891892368577,-7.357619119494132,8.001854949051316,BA N=15 m=2 (G1)
2,9,0.7368421052631579,0.4157509157509157,0.19444444444444445,1.1802597597074698,-9.872866172967711,8.364994308892413,BA N=15 m=2 (G1)
3,3,0.5185185185185185,0.07875457875457875,0.3333333333333333,0.581911271535053,-4.096426496685253,7.0396067185278675,BA N=15 m=2 (G1)
4,5,0.6086956521739131,0.2344322344322344,0.2,0.90712337780427,-6.524299525355297,7.192295651279142,BA N=15 m=2 (G1)
5,5,0.56,0.05494505494505495,0.4,0.7716823429210509,-6.291210790127255,8.152591345181127,BA N=15 m=2 (G1)
6,3,0.5,0.045787545787545784,0.3333333333333333,0.5322870623400178,-4.077911621493364,7.661113541941489,BA N=15 m=2 (G1)
7,4,0.5384615384615384,0.08608058608058608,0.16666666666666666,0.7363266097900061,-5.343824528890292,7.25741058090282,BA N=15 m=2 (G1)
8,2,0.4375,0.003663003663003663,0.0,0.3814591237586509,-2.8595180461426626,7.496263342627189,BA N=15 m=2 (G1)
9,2,0.45161290322580644,0.0,1.0,0.30989943154621313,-2.6870903341911587,8.670846283209306,BA N=15 m=2 (G1)
10,3,0.4827586206896552,0.06684981684981685,0.0,0.690664289525496,-4.357489591710263,6.309128266504079,BA N=15 m=2 (G1)
11,2,0.4117647058823529,0.01098901098901099,0.0,0.5097702528811063,-3.0448966819077845,5.973076429428191,BA N=15 m=2 (G1)
12,2,0.4666666666666667,0.0,1.0,0.3003835672278474,-2.663590789132471,8.86729861328293,BA N=15 m=2 (G1)
13,3,0.4375,0.022893772893772892,0.3333333333333333,0.6808312603346396,-4.322956068449324,6.349526410295145,BA N=15 m=2 (G1)
14,2,0.4117647058823529,0.0,1.0,0.46513382569687867,-2.994838004431144,6.438658809524721,BA N=15 m=2 (G1)
0,5,0.417910447761194,0.11832325522801712,0.0,3.828242467037345,-16.691926725419204,4.36020624846602,ER N=30 p=0.1 (G1)
1,4,0.39436619718309857,0.1647833207357017,0.0,3.261305655115862,-13.864183965234744,4.251114563115735,ER N=30 p=0.1 (G1)
2,3,0.29473684210526313,0.049250440917107584,0.3333333333333333,2.902093176241184,-11.198670070977604,3.8588251275523198,ER N=30 p=0.1 (G1)
3,2,0.3181818181818182,0.018937389770723106,0.0,1.7137080809963363,-7.150579717834181,4.17257746352978,ER N=30 p=0.1 (G1)
4,6,0.39436619718309857,0.16829176114890398,0.0,4.729097685678823,-19.909486442716794,4.209996867480429,ER N=30 p=0.1 (G1)
5,4,0.4117647058823529,0.0791761148904006,0.0,3.0440379996017235,-13.538758332061171,4.447631183918387,ER N=30 p=0.1 (G1)
6,3,0.2978723404255319,0.04398463088939279,0.3333333333333333,2.785483198687327,-11.039043094097012,3.9630621715109307,ER N=30 p=0.1 (G1)
7,4,0.3888888888888889,0.09909926933736458,0.16666666666666666,3.040720025106417,-13.390454830481408,4.403711857691594,ER N=30 p=0.1 (G1)
8,3,0.3181818181818182,0.0988095238095238,0.0,2.9920733689508516,-11.254411813105662,3.761409038258958,ER N=30 p=0.1 (G1)
9,4,0.3373493975903614,0.017293398841017885,0.3333333333333333,3.003875510215309,-13.458729683500358,4.480455211186723,ER N=30 p=0.1 (G1)
10,5,0.4,0.10804988662131518,0.0,3.7440539065290928,-16.635253753290186,4.443112777911849,ER N=30 p=0.1 (G1)
11,2,0.3218390804597701,0.0,1.0,1.553821819648598,-6.919706739595847,4.453346356766159,ER N=30 p=0.1 (G1)
12,5,0.4,0.14036596119929456,0.0,3.956778912334183,-16.85781730158695,4.2604900791998475,ER N=30 p=0.1 (G1)
13,3,0.358974358974359,0.070376669186193,0.0,2.5149820510020717,-10.61610883463446,4.221146958247503,ER N=30 p=0.1 (G1)
14,3,0.32558139534883723,0.07331821617535902,0.3333333333333333,2.7282225083618865,-10.97213208638324,4.021714523926886,ER N=30 p=0.1 (G1)
15,2,0.32941176470588235,0.027116402116402115,0.0,1.7733272233031503,-7.259146906664068,4.093517998975148,ER N=30 p=0.1 (G1)
16,2,0.3333333333333333,0.00500755857898715,0.0,1.5779137637237701,-6.950670568901836,4.404974928730403,ER N=30 p=0.1 (G1)
17,3,0.32941176470588235,0.061507936507936505,0.0,2.809846312086961,-10.946468612354222,3.8957535026974255,ER N=30 p=0.1 (G1)
18,3,0.358974358974359,0.022864701436130005,0.0,2.3014552360492093,-10.244445385425244,4.451290307523583,ER N=30 p=0.1 (G1)
19,3,0.345679012345679,0.10586419753086419,0.0,2.804413267625483,-11.03155906946735,3.933642447358642,ER N=30 p=0.1 (G1)
20,6,0.39436619718309857,0.14167611489040058,0.2,4.518619789635444,-19.720673205775654,4.364313468243074,ER N=30 p=0.1 (G1)
21,3,0.32558139534883723,0.10934744268077601,0.0,3.028037157160261,-11.115456825176771,3.6708455835466083,ER N=30 p=0.1 (G1)
22,2,0.32558139534883723,0.03284832451499118,0.0,1.761631481566873,-7.21549192310542,4.0959144966503676,ER N=30 p=0.1 (G1)
23,2,0.2828282828282828,0.037786596119929454,0.0,2.0214078125080173,-7.671842393502557,3.7952966967036144,ER N=30 p=0.1 (G1)
24,3,0.32558139534883723,0.06611237087427563,0.0,2.6413762551465947,-10.733612911958465,4.063644053377302,ER N=30 p=0.1 (G1)
25,1,0.24778761061946902,0.0,0.0,1.0530193815338391,-3.8740191490283618,3.6789628158462047,ER N=30 p=0.1 (G1)
26,3,0.32558139534883723,0.020282186948853614,0.3333333333333333,2.370632507530013,-10.384150530686536,4.380329088419483,ER N=30 p=0.1 (G1)
27,3,0.3835616438356164,0.15152431342907532,0.0,2.56917692238739,-10.621373583118814,4.134154207351736,ER N=30 p=0.1 (G1)
28,4,0.37333333333333335,0.036785084404132015,0.16666666666666666,3.0059322280221608,-13.45945868008074,4.477632115124823,ER N=30 p=0.1 (G1)
0,2,0.4142857142857143,0.029052310579404172,0.0,0.8458465677220008,-4.331479549485158,5.120880919515368,BA N=30 m=2 (G1)
1,11,0.6041666666666666,0.22228477597935725,0.14545454545454545,3.5407122090736856,-20.669602357338153,5.837696242120083,BA N=30 m=2 (G1)
2,14,0.6590909090909091,0.4266361717100633,0.07692307692307693,4.256045222380521,-25.08541971341796,5.894067943993087,BA N=30 m=2 (G1)
3,2,0.4393939393939394,0.0,1.0,0.6308427547495832,-4.053007372132778,6.424750608004754,BA N=30 m=2 (G1)
4,6,0.5,0.08633591367581515,0.13333333333333333,2.185671084588746,-12.280972990388468,5.618856870542919,BA N=30 m=2 (G1)
5,11,0.58,0.254650480882008,0.09090909090909091,3.680949892859232,-20.84955732481734,5.664178522305866,BA N=30 m=2 (G1)
6,4,0.5,0.030958245367112357,0.16666666666666666,1.399489698415735,-8.311914307455455,5.939246510256414,BA N=30 m=2 (G1)
7,2,0.453125,0.0,1.0,0.6425827790010654,-4.068710920602665,6.3318082176552055,BA N=30 m=2 (G1)
8,5,0.4915254237288136,0.06637931034482758,0.2,1.8519580640184508,-10.372534181439446,5.60084722379335,BA N=30 m=2 (G1)
9,4,0.4142857142857143,0.02101806239737274,0.16666666666666666,1.5759883544769409,-8.51102477226182,5.40043633449726,BA N=30 m=2 (G1)
10,6,0.4603174603174603,0.062010321369927277,0.0,2.313679189773943,-12.715563342001369,5.495819557958568,BA N=30 m=2 (G1)
11,6,0.48333333333333334,0.0904175463288764,0.0,2.3334473683012504,-12.514822604013323,5.3632332890902585,BA N=30 m=2 (G1)
12,2,0.3918918918918919,0.0,1.0,0.7652843086169749,-4.353220170592066,5.688369827494862,BA N=30 m=2 (G1)
13,2,0.4027777777777778,0.003395496129486277,0.0,0.7435166541294063,-4.329945988300411,5.823603229668612,BA N=30 m=2 (G1)
14,2,0.3972602739726027,0.0,1.0,0.7228486311961211,-4.298757630298745,5.946967933224762,BA N=30 m=2 (G1)
15,3,0.4084507042253521,0.008169129720853858,0.0,1.141347007205888,-6.397862254924279,5.605536453446157,BA N=30 m=2 (G1)
16,2,0.4084507042253521,0.00419305653295801,0.0,0.7215559381525667,-4.295108916992496,5.952565407457478,BA N=30 m=2 (G1)
17,2,0.38666666666666666,0.00451559934318555,0.0,0.799634241375796,-4.51575743723035,5.647278722658058,BA N=30 m=2 (G1)
18,2,0.42028985507246375,0.007142857142857143,0.0,0.7327869564756346,-4.257492200889226,5.8099999778459335,BA N=30 m=2 (G1)
19,2,0.4393939393939394,0.0,1.0,0.6308427547495832,-4.053007372132779,6.4247506080047545,BA N=30 m=2 (G1)
20,2,0.4027777777777778,0.003395496129486277,0.0,0.7435166541294063,-4.329945988300412,5.823603229668613,BA N=30 m=2 (G1)
21,2,0.4027777777777778,0.0,1.0,0.7097591176793889,-4.279757976198718,6.0298738960785885,BA N=30 m=2 (G1)
22,2,0.43283582089552236,0.0,1.0,0.664372822703938,-4.150124650802331,6.246680341185081,BA N=30 m=2 (G1)
23,3,0.4393939393939394,0.017634295097349286,0.0,1.1649485827766464,-6.531484161958264,5.606671623558286,BA N=30 m=2 (G1)
24,3,0.43283582089552236,0.04319727891156463,0.0,1.2512208624917518,-6.514958169965119,5.206881027375826,BA N=30 m=2 (G1)
25,2,0.3118279569892473,0.0020525451559934315,0.0,0.9496119456871801,-4.53693635044317,4.777674049961585,BA N=30 m=2 (G1)
26,2,0.4264705882352941,0.003653530377668309,0.0,0.7083540804834998,-4.2683713950710285,6.0257595920921005,BA N=30 m=2 (G1)
27,2,0.4142857142857143,0.005506685432793808,0.0,0.7373443809592031,-4.244438618113981,5.75638565603828,BA N=30 m=2 (G1)
28,2,0.3717948717948718,0.00302017358667605,0.0,0.7882673682573005,-4.461940572017417,5.660440545549746,BA N=30 m=2 (G1)
29,2,0.4027777777777778,0.003395496129486277,0.0,0.7435166541294063,-4.329945988300412,5.823603229668613,BA N=30 m=2 (G1)
0,2,0.2934131736526946,0.04081632653061224,0.0,1.4063263280041571,-7.949912851238026,5.652964531013549,ER N=50 p=0.1 (G1)
1,6,0.4188034188034188,0.034730521273888613,0.06666666666666667,3.2796744007429446,-22.645112380160036,6.904683091416099,ER N=50 p=0.1 (G1)
2,7,0.45794392523364486,0.04415983912157381,0.09523809523809523,3.7047960458020945,-26.028582890882788,7.025645290346221,ER N=50 p=0.1 (G1)
3,6,0.44144144144144143,0.06019709103255021,0.06666666666666667,3.3137370100671113,-22.700879728337796,6.850537522854913,ER N=50 p=0.1 (G1)
4,5,0.3983739837398374,0.013894993423054645,0.1,2.726997810859441,-19.0182995735663,6.974079516247389,ER N=50 p=0.1 (G1)
5,4,0.3798449612403101,0.011921127578015332,0.0,2.2361956148303506,-15.394983398394357,6.884452905772423,ER N=50 p=0.1 (G1)
6,6,0.4188034188034188,0.03371523483130626,0.13333333333333333,3.314413609383717,-22.72293880879969,6.8557945648264464,ER N=50 p=0.1 (G1)
7,3,0.37404580152671757,0.0014907428172734295,0.3333333333333333,1.6154657761128686,-11.408145606985965,7.061830572750497,ER N=50 p=0.1 (G1)
8,1,0.22790697674418606,0.0,0.0,0.7417704666608316,-4.058306949244273,5.4711088290064005,ER N=50 p=0.1 (G1)
9,4,0.4016393442622951,0.012416990605766115,0.16666666666666666,2.2030396393782006,-15.32401087756592,6.955848911502592,ER N=50 p=0.1 (G1)
10,4,0.3888888888888889,0.005335339263910692,0.16666666666666666,2.1455384021020905,-15.13363225252221,7.0535359505544335,ER N=50 p=0.1 (G1)
11,6,0.4298245614035088,0.03194002473339209,0.0,3.3001015795289206,-22.79342882672492,6.906887038907031,ER N=50 p=0.1 (G1)
12,7,0.44954128440366975,0.037423476230874185,0.14285714285714285,3.744421494978898,-26.20456164823647,6.998293777390077,ER N=50 p=0.1 (G1)
13,11,0.4537037037037037,0.08534704264933855,0.09090909090909091,5.712830859187768,-40.027594127202654,7.006612853385554,ER N=50 p=0.1 (G1)
14,4,0.3828125,0.011953720882292308,0.0,2.229063686081954,-15.331804024518327,6.878136376384643,ER N=50 p=0.1 (G1)
15,1,0.2784090909090909,0.0,0.0,0.6270560522804951,-3.975943039630891,6.340650130352892,ER N=50 p=0.1 (G1)
16,7,0.44545454545454544,0.056414469647888016,0.0,3.796912062534062,-26.25269338857013,6.914222124767636,ER N=50 p=0.1 (G1)
17,6,0.44545454545454544,0.026991222590712387,0.06666666666666667,3.197337659556439,-22.438642538320686,7.0179145675322765,ER N=50 p=0.1 (G1)
18,4,0.3684210526315789,0.014161568306976471,0.16666666666666666,2.2831920544949504,-15.46781042285466,6.774642716718892,ER N=50 p=0.1 (G1)
19,8,0.4537037037037037,0.06653060068238639,0.10714285714285714,4.311792038404434,-29.83236830434322,6.918786443926596,ER N=50 p=0.1 (G1)
20,6,0.4298245614035088,0.019840518278018283,0.26666666666666666,3.198363222129462,-22.499683754164565,7.03474939884543,ER N=50 p=0.1 (G1)
21,2,0.34265734265734266,0.006434240362811792,0.0,1.1888085048949861,-7.834924997421513,6.5905694358349285,ER N=50 p=0.1 (G1)
22,3,0.35766423357664234,0.005776913940179247,0.0,1.6938400486683047,-11.623301987161568,6.862101292444819,ER N=50 p=0.1 (G1)
23,6,0.4298245614035088,0.04487526244541552,0.13333333333333333,3.3058045029406173,-22.678874582716126,6.8603193451223605,ER N=50 p=0.1 (G1)
24,4,0.3798449612403101,0.011935922873422872,0.16666666666666666,2.2283012072455577,-15.30009209673063,6.8662584963741695,ER N=50 p=0.1 (G1)
25,8,0.4666666666666667,0.04351136037998282,0.07142857142857142,4.199714702493864,-29.606193520681824,7.049572558607648,ER N=50 p=0.1 (G1)
26,5,0.4083333333333333,0.017490899123552183,0.1,2.7068098660637645,-18.95396053669483,7.002324313328157,ER N=50 p=0.1 (G1)
27,7,0.4260869565217391,0.03667902392392188,0.09523809523809523,3.74862805185348,-26.16782812859713,6.980641388429736,ER N=50 p=0.1 (G1)
28,5,0.3983739837398374,0.02180634463797729,0.0,2.803996572677402,-19.17325883953963,6.837832480384241,ER N=50 p=0.1 (G1)
29,5,0.3798449612403101,0.028623455154067397,0.1,2.9349817725174745,-19.37827728141675,6.6025204867950755,ER N=50 p=0.1 (G1)
30,8,0.4537037037037037,0.05300781512516207,0.10714285714285714,4.289136280441205,-29.79328365222281,6.946219869040417,ER N=50 p=0.1 (G1)
31,6,0.4375,0.023445642131866617,0.13333333333333333,3.2098690305275355,-22.53327474187065,7.019998176737869,ER N=50 p=0.1 (G1)
32,6,0.4375,0.033345853881568174,0.06666666666666667,3.19457005719509,-22.413461337728755,7.016112007701067,ER N=50 p=0.1 (G1)
33,5,0.3983739837398374,0.014438521134949709,0.2,2.7255612735973394,-18.92451014719749,6.943344231707521,ER N=50 p=0.1 (G1)
34,9,0.47572815533980584,0.09296204669291404,0.05555555555555555,4.8455854289676665,-33.300494843596766,6.872336755125852,ER N=50 p=0.1 (G1)
35,5,0.4049586776859504,0.08942102634704675,0.1,2.8950807439448667,-19.056967834302128,6.582534139733494,ER N=50 p=0.1 (G1)
36,3,0.33793103448275863,0.010452097505668933,0.0,1.8073194639435162,-11.763159725110388,6.508622277238984,ER N=50 p=0.1 (G1)
37,5,0.4016393442622951,0.028405140777589755,0.0,2.757739598447124,-18.973038862863678,6.879924004988487,ER N=50 p=0.1 (G1)
38,6,0.4336283185840708,0.031686980347694634,0.26666666666666666,3.249928643165063,-22.530940390706448,6.932749258384904,ER N=50 p=0.1 (G1)
39,3,0.3828125,0.0010959939531368101,0.6666666666666666,1.6374601354166423,-11.432442151190166,6.981814032548186,ER N=50 p=0.1 (G1)
40,3,0.35766423357664234,0.010664237736941815,0.0,1.762969683002197,-11.771132160549818,6.676877245276571,ER N=50 p=0.1 (G1)
41,4,0.4083333333333333,0.01553890176339156,0.0,2.2159994029753367,-15.33102547851804,6.9183346610715075,ER N=50 p=0.1 (G1)
42,4,0.3951612903225806,0.009003829220665957,0.16666666666666666,2.1939119036029044,-15.241932803790744,6.9473768653882635,ER N=50 p=0.1 (G1)
43,6,0.4117647058823529,0.023595291707536607,0.2,3.2430193144264194,-22.579367649794573,6.962452412587034,ER N=50 p=0.1 (G1)
44,6,0.4188034188034188,0.033077519844101476,0.06666666666666667,3.3348756668604835,-22.865199847397427,6.856387503322776,ER N=50 p=0.1 (G1)
45,12,0.5212765957446809,0.1510869787336624,0.09090909090909091,6.174536484097445,-43.29417809309342,7.011729253620548,ER N=50 p=0.1 (G1)
46,6,0.4260869565217391,0.03345585820075616,0.13333333333333333,3.2560817134423914,-22.513852186228846,6.91440024164098,ER N=50 p=0.1 (G1)
47,3,0.3712121212121212,0.006882166161502897,0.3333333333333333,1.68746877518225,-11.564428211178587,6.853121302899134,ER N=50 p=0.1 (G1)
48,7,0.4336283185840708,0.050300644178195186,0.09523809523809523,3.8212120995317136,-26.32579256501927,6.889382708760258,ER N=50 p=0.1 (G1)
49,4,0.3828125,0.04590285470387512,0.0,2.3880350740818024,-15.385792778807486,6.4428671696638755,ER N=50 p=0.1 (G1)
0,4,0.392,0.016933719736090685,0.0,3.051630162928694,-14.826113430610082,4.858424068131915,BA N=50 m=2 (G1)
1,10,0.47572815533980584,0.16603665275634064,0.08888888888888889,7.1136925923980385,-34.1276714124585,4.7974622137775,BA N=50 m=2 (G1)
2,8,0.4803921568627451,0.09267971077319818,0.14285714285714285,5.6473307718698464,-27.53693990981038,4.876098288234819,BA N=50 m=2 (G1)
3,18,0.5568181818181818,0.37653372135289914,0.0718954248366013,11.657454286309196,-56.546351627141235,4.850660379046107,BA N=50 m=2 (G1)
4,11,0.5268817204301075,0.22599141027262282,0.10909090909090909,7.690932025267692,-37.157272085918805,4.831309386670272,BA N=50 m=2 (G1)
5,7,0.4666666666666667,0.1101815744335252,0.047619047619047616,5.138558860378524,-24.77600066448405,4.821585455704787,BA N=50 m=2 (G1)
6,7,0.4083333333333333,0.07643470447341995,0.0,5.422407153179751,-25.484282841389692,4.699809903881059,BA N=50 m=2 (G1)
7,7,0.4016393442622951,0.06843959445249961,0.047619047619047616,5.36872650524009,-25.32126001267197,4.71643694048438,BA N=50 m=2 (G1)
8,4,0.4083333333333333,0.030893666990605768,0.3333333333333333,2.9801123545432944,-14.1113965831422,4.735189450702703,BA N=50 m=2 (G1)
9,4,0.3769230769230769,0.016519286285942944,0.16666666666666666,3.0437214384502873,-14.405195245784583,4.732757427735896,BA N=50 m=2 (G1)
10,4,0.362962962962963,0.024999079718467473,0.0,3.2456918304552236,-15.15325053105828,4.668727446293928,BA N=50 m=2 (G1)
11,2,0.37404580152671757,0.0,1.0,1.3650368330063083,-6.953566550181179,5.094050491565779,BA N=50 m=2 (G1)
12,9,0.44144144144144143,0.1603501158760762,0.05555555555555555,6.847390915374305,-32.24241343574009,4.70871516380741,BA N=50 m=2 (G1)
13,2,0.3951612903225806,0.010923864495293064,0.0,1.4263336621344802,-7.117886012720202,4.990337255357506,BA N=50 m=2 (G1)
14,6,0.3951612903225806,0.08412027509416463,0.13333333333333333,4.725709117019452,-22.03577266309636,4.6629557845055265,BA N=50 m=2 (G1)
15,4,0.4083333333333333,0.020956160241874525,0.3333333333333333,2.9346962391943308,-14.026357235946302,4.779492013046294,BA N=50 m=2 (G1)
16,4,0.3951612903225806,0.027927292850762238,0.0,3.0756287765911363,-14.705889454647703,4.781425367903773,BA N=50 m=2 (G1)
17,2,0.3684210526315789,0.0033163265306122448,0.0,1.4420169343174614,-7.078965014929067,4.9090720410157305,BA N=50 m=2 (G1)
18,3,0.3223684210526316,0.016018665763563717,0.0,2.518790109526016,-11.549385769234549,4.585291059209338,BA N=50 m=2 (G1)
19,3,0.3951612903225806,0.004932985098801425,0.6666666666666666,2.1452560070066795,-10.500606384544719,4.894803394209549,BA N=50 m=2 (G1)
20,3,0.3684210526315789,0.01908672199038345,0.0,2.357907128953867,-11.179675568410175,4.74135534480116,BA N=50 m=2 (G1)
21,4,0.3769230769230769,0.027487950447134122,0.0,3.0602837847960735,-14.511417979591569,4.741853697257216,BA N=50 m=2 (G1)
22,2,0.3475177304964539,0.0027480833603282582,0.0,1.5547494983094268,-7.525363750165855,4.840241954313951,BA N=50 m=2 (G1)
23,2,0.37404580152671757,0.006401667809981134,0.0,1.5098631632114277,-7.391052259892147,4.895180199092764,BA N=50 m=2 (G1)
24,6,0.3951612903225806,0.07448553194726666,0.06666666666666667,4.6924081491660665,-21.438005555096645,4.5686574725829425,BA N=50 m=2 (G1)
25,3,0.3684210526315789,0.016456106252024625,0.3333333333333333,2.2689985848393874,-10.647697871104484,4.692685990308005,BA N=50 m=2 (G1)
26,2,0.32666666666666666,0.0,1.0,1.5488404577933306,-7.53928298801865,4.867695023127201,BA N=50 m=2 (G1)
27,2,0.35251798561151076,0.0,1.0,1.4848225565553523,-7.230093856261384,4.869331910632147,BA N=50 m=2 (G1)
28,3,0.34507042253521125,0.0075194363459669565,0.0,2.333351985827635,-11.069947626908226,4.744225343688016,BA N=50 m=2 (G1)
29,2,0.37404580152671757,0.007046846516384331,0.0,1.4761807138369205,-7.148876399235571,4.8428192647592985,BA N=50 m=2 (G1)
30,3,0.3333333333333333,0.00517155274808336,0.6666666666666666,2.423203510040411,-11.41666341397384,4.711392735554204,BA N=50 m=2 (G1)
31,2,0.31210191082802546,0.0020975056689342404,0.0,1.5769870760635314,-7.403069624174517,4.694438994803958,BA N=50 m=2 (G1)
32,3,0.28994082840236685,0.0035430839002267567,0.3333333333333333,2.5281524264631994,-11.559032267924,4.572126327088077,BA N=50 m=2 (G1)
33,2,0.37404580152671757,0.0,1.0,1.3650368330063074,-6.953566550181179,5.094050491565783,BA N=50 m=2 (G1)
34,3,0.3712121212121212,0.018927571028411364,0.0,2.330012091784516,-11.066050263052421,4.749353148024706,BA N=50 m=2 (G1)
35,2,0.28994082840236685,0.0015164399092970522,0.0,1.6013926444550002,-7.404395815375653,4.623722883337947,BA N=50 m=2 (G1)
36,2,0.3288590604026846,0.008958296522072032,0.0,1.613210889872268,-7.682797760124737,4.7624261702901425,BA N=50 m=2 (G1)
37,2,0.3888888888888889,0.0,1.0,1.3642743316254995,-6.929687097690646,5.079394178320495,BA N=50 m=2 (G1)
38,2,0.3769230769230769,0.0,1.0,1.4446719534532866,-7.07032616893809,4.894070347276738,BA N=50 m=2 (G1)
39,2,0.31210191082802546,0.00517155274808336,0.0,1.6547121456243392,-7.719262342588087,4.665018240786245,BA N=50 m=2 (G1)
40,2,0.35251798561151076,0.0,1.0,1.4736720661764604,-7.209114886655727,4.891939700913414,BA N=50 m=2 (G1)
41,2,0.32666666666666666,0.0017304053656094472,0.0,1.5681021857995985,-7.586965160737184,4.838310429921681,BA N=50 m=2 (G1)
42,2,0.310126582278481,0.008947130439477377,0.0,1.6832343228745525,-7.69981679833338,4.5744176515982495,BA N=50 m=2 (G1)
43,2,0.3684210526315789,0.0033871882086167794,0.0,1.4480341382789206,-7.106318452322416,4.90756278769002,BA N=50 m=2 (G1)
44,2,0.33793103448275863,0.002389050858438614,0.0,1.4874618815561398,-7.243027135425478,4.869386721929325,BA N=50 m=2 (G1)
45,2,0.3602941176470588,0.0033244250080984774,0.0,1.5331664816835655,-7.372034008746283,4.808371495736767,BA N=50 m=2 (G1)
46,2,0.3402777777777778,0.0,1.0,1.5125830059720489,-7.333343761012266,4.8482256722827275,BA N=50 m=2 (G1)
47,3,0.35766423357664234,0.008674849810053892,0.0,2.3678668245841035,-11.154009343585251,4.710572920647411,BA N=50 m=2 (G1)
48,2,0.3798449612403101,0.013052721088435375,0.0,1.4873132297142613,-7.1756871735641194,4.824597152909541,BA N=50 m=2 (G1)
49,2,0.29518072289156627,0.0008503401360544217,0.0,1.6398041893331694,-7.676174259253839,4.681152974963051,BA N=50 m=2 (G1)
0,9,0.4567901234567901,0.03312792537033157,0.05555555555555555,4.127128095523496,-38.22756971583679,9.262511080598749,ER N=75 p=0.1 (G1)
1,8,0.43529411764705883,0.030697458047513462,0.03571428571428571,3.7187164502640044,-34.242736942392,9.20821401695227,ER N=75 p=0.1 (G1)
2,4,0.4088397790055249,0.001371089213554967,0.6666666666666666,1.8030097411049582,-17.037845852715723,9.449669330280065,ER N=75 p=0.1 (G1)
3,10,0.4567901234567901,0.02661286813224241,0.15555555555555556,4.481147379673807,-42.132500839909405,9.402168076644765,ER N=75 p=0.1 (G1)
4,6,0.4157303370786517,0.009482762550064519,0.13333333333333333,2.752052714180415,-25.757041999658632,9.359210987108327,ER N=75 p=0.1 (G1)
5,9,0.4457831325301205,0.02933371095223388,0.05555555555555555,4.106665939890682,-38.24064794764683,9.311847739108961,ER N=75 p=0.1 (G1)
6,7,0.4378698224852071,0.014584146000711404,0.0,3.191000689297539,-29.896173701106076,9.368902301204882,ER N=75 p=0.1 (G1)
7,10,0.44047619047619047,0.02287883509286305,0.06666666666666667,4.478982811151816,-42.163565417539715,9.413647516699651,ER N=75 p=0.1 (G1)
8,6,0.40217391304347827,0.007876987119639479,0.3333333333333333,2.8176925298514774,-25.831447352579502,9.167589110207528,ER N=75 p=0.1 (G1)
9,11,0.4868421052631579,0.034528498859946154,0.05454545454545454,4.911170379136024,-46.223282445685754,9.411867004666489,ER N=75 p=0.1 (G1)
10,7,0.4088397790055249,0.017557168679390552,0.0,3.2807438633574613,-30.18354367962087,9.200213407922528,ER N=75 p=0.1 (G1)
11,7,0.42528735632183906,0.022671020918402063,0.09523809523809523,3.275040223578973,-30.13028568226995,9.199974237062497,ER N=75 p=0.1 (G1)
12,7,0.4327485380116959,0.01709266909221456,0.09523809523809523,3.225328872459901,-29.970002312731978,9.29207640456038,ER N=75 p=0.1 (G1)
13,11,0.4625,0.026082955064228933,0.21818181818181817,4.869383555441772,-46.067009608430425,9.460542404171122,ER N=75 p=0.1 (G1)
14,12,0.4774193548387097,0.03903429936391286,0.09090909090909091,5.334100986164891,-50.25835805266528,9.422085967817418,ER N=75 p=0.1 (G1)
15,6,0.4088397790055249,0.0182710078003329,0.0,2.84578294459574,-25.910230054673114,9.104780849107875,ER N=75 p=0.1 (G1)
16,9,0.45121951219512196,0.01880885419881062,0.16666666666666666,4.056764864753376,-38.13941541602046,9.401436042643079,ER N=75 p=0.1 (G1)
17,5,0.4,0.01106298672558351,0.1,2.3274074285227826,-21.515162351941726,9.244261270403141,ER N=75 p=0.1 (G1)
18,3,0.3557692307692308,0.0013539958745438197,0.3333333333333333,1.4002550671991454,-13.006989034221677,9.289014079583982,ER N=75 p=0.1 (G1)
19,6,0.4277456647398844,0.010175339061580873,0.06666666666666667,2.734417575697897,-25.61976680454474,9.369368830949634,ER N=75 p=0.1 (G1)
20,9,0.43529411764705883,0.01846749887250185,0.2777777777777778,4.050801212033782,-38.043481861008175,9.391594371007832,ER N=75 p=0.1 (G1)
21,5,0.39572192513368987,0.00478060939645216,0.2,2.2830493306788213,-21.42309826601415,9.383545934876668,ER N=75 p=0.1 (G1)
22,10,0.4539877300613497,0.027569219356702514,0.13333333333333333,4.503193694776918,-42.23172211782365,9.378171355766154,ER N=75 p=0.1 (G1)
23,10,0.4625,0.03206027208847515,0.044444444444444446,4.529894965450808,-42.31738881085408,9.341803537081068,ER N=75 p=0.1 (G1)
24,12,0.49333333333333335,0.038716997021434274,0.09090909090909091,5.311817933431435,-50.167463595329664,9.444499834903317,ER N=75 p=0.1 (G1)
25,7,0.43023255813953487,0.014213161428765953,0.047619047619047616,3.183383543737051,-29.88286682318074,9.387139944846394,ER N=75 p=0.1 (G1)
26,7,0.40437158469945356,0.02006480760028039,0.047619047619047616,3.2875718927488933,-30.09139152114395,9.153074823249911,ER N=75 p=0.1 (G1)
27,5,0.3854166666666667,0.005797294153458538,0.1,2.344216150980504,-21.607194123615695,9.21723626662079,ER N=75 p=0.1 (G1)
28,7,0.42045454545454547,0.013833930785985583,0.14285714285714285,3.200757528076238,-29.84532306355481,9.324456101956853,ER N=75 p=0.1 (G1)
29,15,0.5174825174825175,0.07023179648371648,0.10476190476190476,6.618477956898289,-62.21246411260883,9.399814355771358,ER N=75 p=0.1 (G1)
30,6,0.4180790960451977,0.010756852830215831,0.06666666666666667,2.770713627258914,-25.732961995463796,9.287485268162337,ER N=75 p=0.1 (G1)
31,7,0.4431137724550898,0.009890143280554238,0.09523809523809523,3.1464126154953114,-29.720123294621096,9.445717051939333,ER N=75 p=0.1 (G1)
32,9,0.4457831325301205,0.0200176550980601,0.1111111111111111,4.053048097046606,-38.138825979287404,9.409912013400133,ER N=75 p=0.1 (G1)
33,3,0.3523809523809524,0.003316587021873782,0.0,1.4375733126061636,-13.112584341101844,9.121332613868686,ER N=75 p=0.1 (G1)
34,7,0.4180790960451977,0.015042499919933226,0.047619047619047616,3.2315505184453563,-30.01416709667535,9.287853284470593,ER N=75 p=0.1 (G1)
35,8,0.4457831325301205,0.03251211187286859,0.0,3.6934034801428126,-34.05836925657071,9.221404983149519,ER N=75 p=0.1 (G1)
36,8,0.43023255813953487,0.018732657773753665,0.03571428571428571,3.651742252264455,-34.049065379820014,9.324060414917318,ER N=75 p=0.1 (G1)
37,13,0.4966442953020134,0.039880920454090765,0.11538461538461539,5.693150503062583,-54.04420105686467,9.492846013431762,ER N=75 p=0.1 (G1)
38,12,0.46540880503144655,0.04598303707201273,0.15151515151515152,5.454155531038204,-50.52079569119169,9.262808037594594,ER N=75 p=0.1 (G1)
39,6,0.42528735632183906,0.010928265848404806,0.06666666666666667,2.752270304727908,-25.663996714030937,9.324664321649214,ER N=75 p=0.1 (G1)
40,8,0.46540880503144655,0.020531283524837112,0.03571428571428571,3.6025977389120314,-33.91856072219251,9.415028593349355,ER N=75 p=0.1 (G1)
41,2,0.3425925925925926,0.001016525331593825,0.0,0.9627158058605474,-8.761641234119049,9.100963317297193,ER N=75 p=0.1 (G1)
42,11,0.46835443037974683,0.03372136258213498,0.09090909090909091,4.942561353862359,-46.33720638007719,9.375140349824292,ER N=75 p=0.1 (G1)
43,4,0.39361702127659576,0.0030029804002406736,0.16666666666666666,1.837272452001823,-17.19741411591373,9.36029607213458,ER N=75 p=0.1 (G1)
44,4,0.3756345177664975,0.004128594368320395,0.3333333333333333,1.8723667070928975,-17.297501148132234,9.238308437447568,ER N=75 p=0.1 (G1)
45,5,0.4134078212290503,0.00445812260880754,0.2,2.2716802555501907,-21.388210130973384,9.415149900043154,ER N=75 p=0.1 (G1)
46,8,0.43529411764705883,0.01521073901210888,0.14285714285714285,3.6195743905756075,-33.98296606322505,9.388663526769196,ER N=75 p=0.1 (G1)
47,7,0.4327485380116959,0.014699095625242143,0.047619047619047616,3.17914035997212,-29.81303246875183,9.37770248967972,ER N=75 p=0.1 (G1)
48,12,0.4900662251655629,0.03391500418880161,0.19696969696969696,5.2648912390780325,-50.017000117858785,9.500101302494821,ER N=75 p=0.1 (G1)
49,3,0.35071090047393366,0.0017781480110247235,0.3333333333333333,1.4149785604501872,-13.019768939921736,9.201389550227098,ER N=75 p=0.1 (G1)
50,5,0.4180790960451977,0.005847543327398284,0.2,2.2828829095976886,-21.39453973429503,9.371720137002287,ER N=75 p=0.1 (G1)
51,10,0.45121951219512196,0.04554085156926761,0.044444444444444446,4.57123270915497,-42.338608274871234,9.261967387938531,ER N=75 p=0.1 (G1)
52,7,0.4327485380116959,0.010407392734357408,0.09523809523809523,3.169214260893714,-29.802726299489485,9.403821845445426,ER N=75 p=0.1 (G1)
53,6,0.40437158469945356,0.011891073330761743,0.0,2.7816815636700305,-25.81930884942851,9.281906738226223,ER N=75 p=0.1 (G1)
54,8,0.4327485380116959,0.02125358130224748,0.10714285714285714,3.66318898373995,-34.02496160974994,9.288344598320995,ER N=75 p=0.1 (G1)
55,4,0.37373737373737376,0.004812925360870567,0.0,1.8743362466386593,-17.360895461113294,9.262423160330734,ER N=75 p=0.1 (G1)
56,4,0.37755102040816324,0.003176039801850905,0.16666666666666666,1.8499058511114228,-17.271686106444907,9.336521691667759,ER N=75 p=0.1 (G1)
57,8,0.44047619047619047,0.0201132047022458,0.10714285714285714,3.655793214835299,-34.07166119468503,9.31990930351897,ER N=75 p=0.1 (G1)
58,8,0.4431137724550898,0.014674112080149506,0.21428571428571427,3.6127758916590835,-33.90566480043863,9.38493441531139,ER N=75 p=0.1 (G1)
59,5,0.4,0.005096496177496773,0.1,2.2881435973922777,-21.46432725005215,9.380673168639564,ER N=75 p=0.1 (G1)
60,14,0.5068493150684932,0.062264805326151355,0.08791208791208792,6.185773203564892,-58.18549824810388,9.406341993685007,ER N=75 p=0.1 (G1)
61,8,0.43023255813953487,0.015186231944719143,0.14285714285714285,3.612982903607758,-33.97164713113468,9.402659253441847,ER N=75 p=0.1 (G1)
62,11,0.46540880503144655,0.03855453722759192,0.07272727272727272,4.961232871591783,-46.404310052870535,9.353382768743524,ER N=75 p=0.1 (G1)
63,8,0.43529411764705883,0.01896495692771672,0.07142857142857142,3.6459852574535105,-34.11188188684191,9.356012018179934,ER N=75 p=0.1 (G1)
64,5,0.387434554973822,0.012244545255265925,0.0,2.3792786646309025,-21.604776125735572,9.080389130916332,ER N=75 p=0.1 (G1)
65,8,0.4431137724550898,0.020128176229865836,0.03571428571428571,3.642731180307848,-34.0730581501034,9.353711944021045,ER N=75 p=0.1 (G1)
66,1,0.2868217054263566,0.0,0.0,0.5047975417049262,-4.415747711861519,8.747561838252166,ER N=75 p=0.1 (G1)
67,7,0.42045454545454547,0.011703942525860335,0.09523809523809523,3.1976845662566937,-29.933960390740395,9.361136087848088,ER N=75 p=0.1 (G1)
68,6,0.4,0.03679727665848791,0.06666666666666667,2.9305187566389,-25.863372329819967,8.825526972392916,ER N=75 p=0.1 (G1)
69,6,0.39361702127659576,0.007491649949958468,0.2,2.756285709804203,-25.743134169058358,9.339791617933201,ER N=75 p=0.1 (G1)
70,8,0.4327485380116959,0.009108205162404093,0.25,3.5411931728488995,-33.687217104364365,9.512956639206132,ER N=75 p=0.1 (G1)
71,6,0.4157303370786517,0.01050384988741153,0.0,2.7556454782223128,-25.70468336833737,9.328008109707802,ER N=75 p=0.1 (G1)
72,10,0.4484848484848485,0.029554382435561726,0.044444444444444446,4.526176698891923,-42.32997696781556,9.352259044190339,ER N=75 p=0.1 (G1)
73,4,0.3915343915343915,0.003149205375232772,0.16666666666666666,1.824959494801238,-17.17373649772194,9.410475436109548,ER N=75 p=0.1 (G1)
74,6,0.4065934065934066,0.007596734993995269,0.13333333333333333,2.7476666623807517,-25.713008494026298,9.358125148902497,ER N=75 p=0.1 (G1)
0,10,0.4625,0.11883913733228801,0.06666666666666667,9.382129299774931,-43.381064225689244,4.623797310779965,BA N=75 m=2 (G1)
1,4,0.3894736842105263,0.02046293621636087,0.16666666666666666,3.795348828056529,-17.410693882335003,4.587376462903526,BA N=75 m=2 (G1)
2,29,0.5692307692307692,0.46634039681984885,0.04926108374384237,23.165194090482913,-109.00380382426678,4.705499267500177,BA N=75 m=2 (G1)
3,15,0.5,0.20142531375408093,0.0761904761904762,13.633798708901253,-62.75070799629802,4.602584308020424,BA N=75 m=2 (G1)
4,8,0.46540880503144655,0.06694166728413305,0.17857142857142858,7.477419226403903,-34.4843485099955,4.61179819746177,BA N=75 m=2 (G1)
5,2,0.38144329896907214,0.0,1.0,1.7450819632344992,-8.45819348566006,4.846874624721264,BA N=75 m=2 (G1)
6,8,0.4277456647398844,0.04086739292218745,0.17857142857142858,7.315354226932669,-33.88357841810051,4.631843840637627,BA N=75 m=2 (G1)
7,4,0.36097560975609755,0.02087542532748012,0.16666666666666666,3.9137001670574456,-17.804555593898026,4.5492896322930525,BA N=75 m=2 (G1)
8,9,0.43529411764705883,0.07509234564029084,0.05555555555555555,8.402889899186398,-39.02594641494714,4.6443481805855615,BA N=75 m=2 (G1)
9,12,0.44047619047619047,0.14285074627540384,0.030303030303030304,11.421305644823136,-52.266159194830955,4.576198275415326,BA N=75 m=2 (G1)
10,6,0.35071090047393366,0.023938653390708175,0.0,5.968070803428137,-27.02030438466641,4.527477182265598,BA N=75 m=2 (G1)
11,4,0.3557692307692308,0.02277370702028236,0.0,4.053645883275802,-18.577160020590266,4.582827547229614,BA N=75 m=2 (G1)
12,10,0.4277456647398844,0.04825045578470237,0.15555555555555556,9.105603390464864,-42.29873549367711,4.645352282526512,BA N=75 m=2 (G1)
13,4,0.37373737373737376,0.017532320614512396,0.0,3.9546448851300937,-18.127443077343365,4.583835869942349,BA N=75 m=2 (G1)
14,2,0.37373737373737376,0.0,1.0,1.7162826819743344,-8.385393422704285,4.885788052733892,BA N=75 m=2 (G1)
15,3,0.3854166666666667,0.006525214059460635,0.3333333333333333,2.7090047840117712,-12.895788424324596,4.760341694645217,BA N=75 m=2 (G1)
16,7,0.4228571428571429,0.08496689147374081,0.09523809523809523,6.9547710728247125,-31.408867834461276,4.516161280590422,BA N=75 m=2 (G1)
17,3,0.36097560975609755,0.006581790828366172,0.0,2.8799197945204824,-13.357058973624941,4.637996863328946,BA N=75 m=2 (G1)
18,2,0.357487922705314,0.0011465251191278589,0.0,1.8564705507126895,-8.897771758177406,4.792842932392112,BA N=75 m=2 (G1)
19,2,0.4,0.0,1.0,1.7068570408635857,-8.345370720607049,4.889320265735144,BA N=75 m=2 (G1)
20,3,0.33636363636363636,0.009658987398713428,0.0,2.922073065985357,-13.540021367195088,4.633703901797964,BA N=75 m=2 (G1)
21,2,0.40217391304347827,0.004860174380722328,0.0,1.7524704272375953,-8.510056063983143,4.856034048687186,BA N=75 m=2 (G1)
22,2,0.3523809523809524,0.0016857499734212065,0.0,1.90240323367264,-9.0643393228501,4.764678256644441,BA N=75 m=2 (G1)
23,2,0.32599118942731276,0.0027847846340997022,0.0,1.971689922753427,-9.214861718060089,4.673585644334842,BA N=75 m=2 (G1)
24,3,0.3490566037735849,0.01101678978391307,0.0,2.9456589336946752,-13.771151959129297,4.675066689359193,BA N=75 m=2 (G1)
25,4,0.30327868852459017,0.006751614628326957,0.0,4.170510794733328,-18.699866330698995,4.483831178260913,BA N=75 m=2 (G1)
26,3,0.38341968911917096,0.0009482084824550578,0.6666666666666666,2.717458585790011,-12.913450073063725,4.752031968615841,BA N=75 m=2 (G1)
27,2,0.37185929648241206,0.0055119209228798255,0.0,1.812178796349805,-8.56591886531044,4.726861876192574,BA N=75 m=2 (G1)
28,7,0.4065934065934066,0.05388762991502717,0.09523809523809523,6.855896819783602,-31.491012866331204,4.59327403753506,BA N=75 m=2 (G1)
29,4,0.3474178403755869,0.012186109788849517,0.0,3.909090194166403,-17.791506093840642,4.5513163447574545,BA N=75 m=2 (G1)
30,2,0.38144329896907214,0.003912131309391584,0.0,1.8237960144243601,-8.64658672529428,4.740983452594823,BA N=75 m=2 (G1)
31,3,0.33636363636363636,0.017402578703948565,0.0,3.1662702700633574,-14.241172251154104,4.497775311792678,BA N=75 m=2 (G1)
32,3,0.334841628959276,0.011162679313364246,0.0,3.0430346259324796,-13.967049796536633,4.589842546486535,BA N=75 m=2 (G1)
33,4,0.3915343915343915,0.030425867069702687,0.16666666666666666,3.800519090556687,-17.579720079619484,4.625610255004525,BA N=75 m=2 (G1)
34,3,0.3148936170212766,0.002637911884487227,0.0,3.0366918366765656,-13.616280085195534,4.483918954416377,BA N=75 m=2 (G1)
35,2,0.3425925925925926,0.006016290262865604,0.0,1.9730805868022063,-9.044585027519012,4.583991697053627,BA N=75 m=2 (G1)
36,2,0.3915343915343915,0.004686343727439618,0.0,1.7929093342022373,-8.637879053772114,4.8178002584919195,BA N=75 m=2 (G1)
37,4,0.3645320197044335,0.013717220909001734,0.16666666666666666,4.016706265161623,-18.483661748997676,4.601696148237997,BA N=75 m=2 (G1)
38,4,0.3162393162393162,0.018338276557454635,0.0,4.252078453559278,-18.83633600152816,4.429912619735618,BA N=75 m=2 (G1)
39,4,0.3523809523809524,0.018318442633511126,0.16666666666666666,4.1937029927677365,-18.775443159111855,4.47705600312924,BA N=75 m=2 (G1)
40,6,0.33183856502242154,0.03542471042471043,0.06666666666666667,6.301935395267616,-28.220477992449332,4.478065264464827,BA N=75 m=2 (G1)
41,4,0.34579439252336447,0.03214031433209516,0.0,4.248096464867487,-18.91225397438538,4.451936092033946,BA N=75 m=2 (G1)
42,2,0.37948717948717947,0.004302345398235809,0.0,1.8102992447139776,-8.56197327965699,4.72959004134687,BA N=75 m=2 (G1)
43,5,0.3894736842105263,0.056229174379859304,0.1,4.9857698984339685,-22.277343433515203,4.468185232638297,BA N=75 m=2 (G1)
44,2,0.37755102040816324,0.004158953474021967,0.0,1.8127015239619357,-8.550752326758198,4.717131978831918,BA N=75 m=2 (G1)
45,3,0.3474178403755869,0.013253762568831063,0.0,3.0800737658115978,-13.854211674623606,4.498012946444167,BA N=75 m=2 (G1)
46,2,0.37185929648241206,0.0,1.0,1.7248837359259799,-8.384673905620001,4.861008154337315,BA N=75 m=2 (G1)
47,3,0.37755102040816324,0.013328396890040723,0.3333333333333333,2.779503327029051,-12.91559388956336,4.64672726381247,BA N=75 m=2 (G1)
48,3,0.29838709677419356,0.011781622055594658,0.0,3.2659581395845656,-14.457303254273262,4.426665204016439,BA N=75 m=2 (G1)
49,2,0.34418604651162793,0.0007636569280404898,0.0,1.894057928812531,-9.010131877072967,4.7570519042793045,BA N=75 m=2 (G1)
50,2,0.2730627306273063,0.0004473651733925706,0.0,2.0861986027022024,-9.337310631279374,4.475753468142957,BA N=75 m=2 (G1)
51,2,0.29959514170040485,0.003229821722972408,0.0,2.115489539624331,-9.462381193841056,4.472903796783314,BA N=75 m=2 (G1)
52,2,0.37185929648241206,0.0,1.0,1.7248837359259817,-8.384673905620003,4.861008154337312,BA N=75 m=2 (G1)
53,2,0.3231441048034934,0.00799277751332546,0.0,2.0953971044029203,-9.488599890513656,4.528306291239921,BA N=75 m=2 (G1)
54,2,0.3203463203463203,0.003134178134178134,0.0,2.0235959119668827,-9.32975366683323,4.610482563075032,BA N=75 m=2 (G1)
55,3,0.2813688212927757,0.007599771983333628,0.0,3.3373622176138547,-14.640161606586496,4.386746373923389,BA N=75 m=2 (G1)
56,2,0.37948717948717947,0.003993727281398513,0.0,1.8107318084238884,-8.636344406599033,4.7695326090926455,BA N=75 m=2 (G1)
57,3,0.3394495412844037,0.022514308473212584,0.0,3.141047877784974,-14.01069144321104,4.46051508552337,BA N=75 m=2 (G1)
58,2,0.3474178403755869,0.0,1.0,1.860268759951154,-8.869806906609819,4.768024436879066,BA N=75 m=2 (G1)
59,2,0.37373737373737376,0.0,1.0,1.7847056243634594,-8.471484680545775,4.746712603411697,BA N=75 m=2 (G1)
60,2,0.2642857142857143,0.0011156949513113899,0.0,2.2470367255947217,-9.86163442935692,4.388728638490253,BA N=75 m=2 (G1)
61,2,0.4,0.0,1.0,1.7068570408635857,-8.34537072060705,4.8893202657351456,BA N=75 m=2 (G1)
62,2,0.37185929648241206,0.0,1.0,1.7248837359259799,-8.384673905620005,4.861008154337318,BA N=75 m=2 (G1)
63,3,0.30962343096234307,0.013570201241434123,0.0,3.253356122937376,-14.2646411517388,4.3845925907612,BA N=75 m=2 (G1)
64,2,0.34418604651162793,0.003886861421107997,0.0,1.9873371258314556,-9.19608908188097,4.627342267373756,BA N=75 m=2 (G1)
65,2,0.28793774319066145,0.0006787609527335555,0.0,2.0007130077068425,-9.047846218121945,4.522310887803102,BA N=75 m=2 (G1)
66,2,0.34579439252336447,0.0017847593190058943,0.0,1.9547696925683251,-9.146853093710488,4.679248470285344,BA N=75 m=2 (G1)
67,2,0.3523809523809524,0.00581217601765547,0.0,1.9818133554894892,-9.245921478940403,4.665384584945815,BA N=75 m=2 (G1)
68,2,0.3135593220338983,0.00046279155868196966,0.0,1.9174876564531296,-8.961303062430023,4.673460625559479,BA N=75 m=2 (G1)
69,2,0.3394495412844037,0.0021930443163319874,0.0,1.957099609641963,-9.183098825072046,4.692197974916579,BA N=75 m=2 (G1)
70,2,0.275092936802974,0.0032364556337159075,0.0,2.2188340347183786,-9.665981590203124,4.35633374959924,BA N=75 m=2 (G1)
71,2,0.37373737373737376,0.0,1.0,1.7162826819743309,-8.38539342270428,4.885788052733899,BA N=75 m=2 (G1)
72,2,0.3474178403755869,0.0008071672455234099,0.0,1.944576851062667,-9.195982281595843,4.729040293043933,BA N=75 m=2 (G1)
73,2,0.33636363636363636,0.0034074681334955305,0.0,2.044244540483943,-9.360471895610516,4.578939412695983,BA N=75 m=2 (G1)
74,2,0.30833333333333335,0.0,1.0,2.0900793362033045,-9.487719474315837,4.5394063804059135,BA N=75 m=2 (G1)
0,8,0.42857142857142855,0.00555297304764861,0.14285714285714285,2.589727019860149,-34.45346989788347,13.30390023105371,ER N=100 p=0.1 (G1)
1,8,0.4419642857142857,0.00577488595921647,0.14285714285714285,2.574037314394616,-34.37232322675377,13.353467346621487,ER N=100 p=0.1 (G1)
2,17,0.5129533678756477,0.03376695490799984,0.09558823529411764,5.386161238728178,-71.95327664210431,13.358916202644998,ER N=100 p=0.1 (G1)
3,7,0.42857142857142855,0.005380882110297959,0.19047619047619047,2.259593294949102,-30.094201667068916,13.318415191945768,ER N=100 p=0.1 (G1)
4,10,0.4541284403669725,0.010657914953440178,0.08888888888888889,3.206558764797208,-42.81535314456978,13.352430529143145,ER N=100 p=0.1 (G1)
5,11,0.4604651162790698,0.013035692211142291,0.03636363636363636,3.534233680724519,-47.1180390888628,13.33189691045092,ER N=100 p=0.1 (G1)
6,6,0.4057377049180328,0.0028770866665115266,0.0,1.9415916544947471,-25.884415736761742,13.331544599936768,ER N=100 p=0.1 (G1)
7,17,0.5051020408163265,0.025866288198347468,0.17647058823529413,5.331809004300922,-71.72395361689081,13.452086066667887,ER N=100 p=0.1 (G1)
8,10,0.4647887323943662,0.012073426868323297,0.1111111111111111,3.2181930464684143,-42.86114281056645,13.318387738610484,ER N=100 p=0.1 (G1)
9,13,0.4714285714285714,0.020609646330156085,0.0641025641025641,4.1798891877439175,-55.58622159814336,13.298491682777327,ER N=100 p=0.1 (G1)
10,13,0.4900990099009901,0.020760146719093736,0.0641025641025641,4.155780443851675,-55.4224373175274,13.336228433223141,ER N=100 p=0.1 (G1)
11,15,0.495,0.021431029115469576,0.14285714285714285,4.754326594375854,-63.68782946045068,13.395762406350123,ER N=100 p=0.1 (G1)
12,16,0.5025380710659898,0.020706405747324408,0.16666666666666666,5.015261367921383,-67.54606131623083,13.468103925404364,ER N=100 p=0.1 (G1)
13,8,0.43612334801762115,0.00684362935037846,0.10714285714285714,2.5886074322817194,-34.45457027846617,13.310079330219764,ER N=100 p=0.1 (G1)
14,8,0.4342105263157895,0.008940879805158532,0.03571428571428571,2.596043837637623,-34.46856616763429,13.277343651870064,ER N=100 p=0.1 (G1)
15,8,0.4439461883408072,0.004524184334738471,0.17857142857142858,2.5543314667457224,-34.27571273160528,13.418662839115918,ER N=100 p=0.1 (G1)
16,12,0.48058252427184467,0.01730084616720132,0.07575757575757576,3.828057621845595,-51.171480050119285,13.367479046840558,ER N=100 p=0.1 (G1)
17,7,0.4419642857142857,0.005655099732638174,0.0,2.2606743668074643,-30.156124532941845,13.33943754824295,ER N=100 p=0.1 (G1)
18,9,0.4439461883408072,0.026909680745784564,0.1111111111111111,2.992710634665258,-38.67461971170999,12.922939913980638,ER N=100 p=0.1 (G1)
19,12,0.4669811320754717,0.013970449640656976,0.07575757575757576,3.8294776027725135,-51.235042893978786,13.379120655225922,ER N=100 p=0.1 (G1)
20,6,0.39919354838709675,0.0032765687139557896,0.06666666666666667,1.9635017203471783,-25.99387902803228,13.238531323230085,ER N=100 p=0.1 (G1)
21,9,0.4479638009049774,0.008659206743746704,0.08333333333333333,2.9012115834460843,-38.64882530487262,13.321615536556353,ER N=100 p=0.1 (G1)
22,14,0.4852941176470588,0.018145854423192626,0.10989010989010989,4.433341390819145,-59.44269027278172,13.408101256510395,ER N=100 p=0.1 (G1)
23,10,0.45622119815668205,0.0099092000627575,0.1111111111111111,3.2071908514281446,-42.864500100471105,13.36512296466042,ER N=100 p=0.1 (G1)
24,11,0.46919431279620855,0.008152107611133297,0.23636363636363636,3.4818408099776192,-46.822402480612666,13.447600001251532,ER N=100 p=0.1 (G1)
25,11,0.46919431279620855,0.014129429966413086,0.10909090909090909,3.5350187171321608,-47.106591738183496,13.325697968694055,ER N=100 p=0.1 (G1)
26,15,0.49748743718592964,0.02684173092762366,0.08571428571428572,4.778952147709219,-63.74508505725256,13.338715912401138,ER N=100 p=0.1 (G1)
27,6,0.4107883817427386,0.0036399651689849313,0.06666666666666667,1.9519051521653346,-25.926266558514705,13.282544251575725,ER N=100 p=0.1 (G1)
28,10,0.4479638009049774,0.010726561874018258,0.1111111111111111,3.212247490037953,-42.824320137816315,13.33157556216515,ER N=100 p=0.1 (G1)
29,13,0.48058252427184467,0.018415395781415544,0.05128205128205128,4.137726244807681,-55.362394597940494,13.379907544007592,ER N=100 p=0.1 (G1)
30,14,0.4900990099009901,0.01934551914478626,0.0989010989010989,4.439680485759993,-59.45323387429721,13.391331665643477,ER N=100 p=0.1 (G1)
31,10,0.4479638009049774,0.008779152050024991,0.1111111111111111,3.2131176402066046,-42.89149014401978,13.348870146336079,ER N=100 p=0.1 (G1)
32,12,0.4782608695652174,0.011533669396504983,0.12121212121212122,3.799988895729747,-51.09326271441468,13.445634741678045,ER N=100 p=0.1 (G1)
33,5,0.4074074074074074,0.001870439338728089,0.1,1.61512387555889,-21.56883167921917,13.354289417432822,ER N=100 p=0.1 (G1)
34,13,0.49748743718592964,0.012946458927623772,0.11538461538461539,4.095457614458773,-55.16051286260295,13.468705589300201,ER N=100 p=0.1 (G1)
35,14,0.495,0.023880207411690835,0.07692307692307693,4.471487820789207,-59.62853373330269,13.335278127354576,ER N=100 p=0.1 (G1)
36,13,0.4876847290640394,0.01358091242784334,0.1282051282051282,4.110350134172492,-55.2670548240877,13.445826515996849,ER N=100 p=0.1 (G1)
37,11,0.46919431279620855,0.012192660687173323,0.10909090909090909,3.5237502113065773,-47.06849325334039,13.35749994489189,ER N=100 p=0.1 (G1)
38,11,0.4604651162790698,0.01283564247135467,0.16363636363636364,3.5354255185890793,-47.133109420101334,13.331665218876187,ER N=100 p=0.1 (G1)
39,6,0.4125,0.003282974467902984,0.13333333333333333,1.9471942737338317,-25.90779780839259,13.305194123600844,ER N=100 p=0.1 (G1)
40,13,0.47368421052631576,0.01694197023558832,0.11538461538461539,4.156081967007651,-55.45375954990135,13.342797372648464,ER N=100 p=0.1 (G1)
41,12,0.4669811320754717,0.012556259374499886,0.15151515151515152,3.8150808478414433,-51.14424945604462,13.405810124569658,ER N=100 p=0.1 (G1)
42,8,0.43043478260869567,0.006620427106112539,0.17857142857142858,2.5828679104398304,-34.37140796875205,13.307458670195421,ER N=100 p=0.1 (G1)
43,5,0.4008097165991903,0.002157491414222815,0.1,1.6261008068638532,-21.632804563702997,13.303483075827675,ER N=100 p=0.1 (G1)
44,12,0.47368421052631576,0.01994874662838499,0.06060606060606061,3.8632822972664798,-51.329517868936094,13.286504562520586,ER N=100 p=0.1 (G1)
45,13,0.4876847290640394,0.014487843239527318,0.10256410256410256,4.122195386566446,-55.29212168216567,13.413270477754054,ER N=100 p=0.1 (G1)
46,13,0.4714285714285714,0.014672251017251186,0.1282051282051282,4.121178457611748,-55.289250073726755,13.415883500897282,ER N=100 p=0.1 (G1)
47,14,0.4876847290640394,0.018883046890096112,0.06593406593406594,4.428737431919103,-59.42885968468955,13.418916925706581,ER N=100 p=0.1 (G1)
48,18,0.5294117647058824,0.027846872055182652,0.1568627450980392,5.612900871694876,-75.68824419157217,13.484692839180195,ER N=100 p=0.1 (G1)
49,8,0.4439461883408072,0.006687959528210462,0.10714285714285714,2.571570834751377,-34.34508281599636,13.355682196993378,ER N=100 p=0.1 (G1)
50,9,0.4342105263157895,0.007273601618371284,0.1111111111111111,2.9006566390058026,-38.6827900429772,13.335873513190343,ER N=100 p=0.1 (G1)
51,11,0.4541284403669725,0.01993776276605437,0.01818181818181818,3.577723458011988,-47.270338346834436,13.212406968173235,ER N=100 p=0.1 (G1)
52,12,0.4852941176470588,0.013955745123299591,0.12121212121212122,3.8201891844246703,-51.189170393205835,13.399642772119687,ER N=100 p=0.1 (G1)
53,7,0.42127659574468085,0.005738355079889941,0.0,2.276041214981209,-30.230015235067665,13.281839993093993,ER N=100 p=0.1 (G1)
54,13,0.4900990099009901,0.01305829715345765,0.14102564102564102,4.096850300933362,-55.15219416126146,13.462096515632133,ER N=100 p=0.1 (G1)
55,12,0.47596153846153844,0.012190342406618227,0.10606060606060606,3.80786439002744,-51.11007027858049,13.422240143959586,ER N=100 p=0.1 (G1)
56,9,0.44594594594594594,0.006073143909029457,0.2222222222222222,2.881528455752701,-38.583126003915964,13.38981259299674,ER N=100 p=0.1 (G1)
57,11,0.4647887323943662,0.012003009085184861,0.05454545454545454,3.5260986991400927,-47.09219805574833,13.355326119269625,ER N=100 p=0.1 (G1)
58,9,0.4583333333333333,0.009282627382825993,0.1111111111111111,2.892993889552592,-38.6112746434756,13.346476390051041,ER N=100 p=0.1 (G1)
59,11,0.4714285714285714,0.014001199704686846,0.07272727272727272,3.5360521495591186,-47.13247939064211,13.329124514331236,ER N=100 p=0.1 (G1)
60,11,0.4583333333333333,0.012951997496389414,0.09090909090909091,3.5400274603821416,-47.11218742713735,13.308424286079308,ER N=100 p=0.1 (G1)
61,8,0.4439461883408072,0.0058481942482224505,0.10714285714285714,2.568507325284358,-34.362579380973486,13.378423741567186,ER N=100 p=0.1 (G1)
62,13,0.4876847290640394,0.013591645467925488,0.14102564102564102,4.105733631609176,-55.19798625844075,13.444122588344044,ER N=100 p=0.1 (G1)
63,16,0.5,0.03244782567683144,0.09166666666666666,5.101448541653539,-67.94581538016647,13.318925953165275,ER N=100 p=0.1 (G1)
64,14,0.4876847290640394,0.02328865702457961,0.054945054945054944,4.464428267622992,-59.60611287588776,13.35134294981606,ER N=100 p=0.1 (G1)
65,12,0.4876847290640394,0.012703825809089964,0.12121212121212122,3.7910051296627714,-50.994581239224516,13.451467221771008,ER N=100 p=0.1 (G1)
66,8,0.4342105263157895,0.00601970624420732,0.10714285714285714,2.575617655641608,-34.38065251534928,13.348507857927684,ER N=100 p=0.1 (G1)
67,8,0.44,0.008356609599726462,0.07142857142857142,2.5897587097172945,-34.426661649221714,13.293385796926165,ER N=100 p=0.1 (G1)
68,7,0.42127659574468085,0.00462023998583099,0.09523809523809523,2.2715053998340977,-30.19896401399175,13.294691712464063,ER N=100 p=0.1 (G1)
69,8,0.4439461883408072,0.005685785478827617,0.07142857142857142,2.5652875863999967,-34.34059493110604,13.386645268610218,ER N=100 p=0.1 (G1)
70,14,0.4876847290640394,0.01849682953148315,0.12087912087912088,4.4431731361176645,-59.542134967098086,13.400813594926563,ER N=100 p=0.1 (G1)
71,9,0.44,0.006884234374667135,0.19444444444444445,2.8916345731924906,-38.61333319747468,13.353462278895039,ER N=100 p=0.1 (G1)
72,11,0.46919431279620855,0.012364652012892212,0.10909090909090909,3.5162097806405868,-47.02092626122358,13.372616878580338,ER N=100 p=0.1 (G1)
73,9,0.4419642857142857,0.005398383884531135,0.25,2.8758912821092295,-38.52612552688505,13.396238504061014,ER N=100 p=0.1 (G1)
74,11,0.46261682242990654,0.012560877247915466,0.10909090909090909,3.527717084277036,-47.066797666304005,13.341998959066126,ER N=100 p=0.1 (G1)
75,16,0.5,0.025744244210753067,0.11666666666666667,5.042929752835121,-67.63532580907389,13.411911155623276,ER N=100 p=0.1 (G1)
76,9,0.4604651162790698,0.009395041444001379,0.027777777777777776,2.895626520115286,-38.64784384357901,13.346971225432862,ER N=100 p=0.1 (G1)
77,9,0.42857142857142855,0.00675746571425417,0.19444444444444445,2.911800675478517,-38.723408698241286,13.298784159351014,ER N=100 p=0.1 (G1)
78,12,0.4714285714285714,0.017667228500569013,0.10606060606060606,3.854276336847221,-51.26749712331599,13.301458598905898,ER N=100 p=0.1 (G1)
79,7,0.42127659574468085,0.0047418176717982765,0.09523809523809523,2.2623373194299177,-30.15079782415296,13.32727775173271,ER N=100 p=0.1 (G1)
80,15,0.515625,0.022885217724834168,0.10476190476190476,4.730950981076205,-63.51879142545799,13.426220580076402,ER N=100 p=0.1 (G1)
81,10,0.45,0.009227188341010904,0.15555555555555556,3.2159220299331253,-42.89394910350652,13.337994113121734,ER N=100 p=0.1 (G1)
82,11,0.48058252427184467,0.011813484828276873,0.10909090909090909,3.5105006693757304,-47.008577982777396,13.390847178256456,ER N=100 p=0.1 (G1)
83,8,0.4520547945205479,0.005023023073621303,0.07142857142857142,2.55867499166245,-34.308442953424176,13.408675609532153,ER N=100 p=0.1 (G1)
84,1,0.308411214953271,0.0,0.0,0.34108408273479096,-4.377807606400188,12.834980663123293,ER N=100 p=0.1 (G1)
85,8,0.43231441048034935,0.008201636856400199,0.03571428571428571,2.5981380465526627,-34.48529947052752,13.273082050541662,ER N=100 p=0.1 (G1)
86,9,0.4439461883408072,0.007390227012039054,0.1388888888888889,2.890858511225808,-38.61741643731267,13.358459532818078,ER N=100 p=0.1 (G1)
87,10,0.45,0.009850606026033132,0.1111111111111111,3.2188850590286933,-42.90239086556414,13.328338874737593,ER N=100 p=0.1 (G1)
88,7,0.42857142857142855,0.004509688857298714,0.09523809523809523,2.2582925138627417,-30.150198556684167,13.35088274508476,ER N=100 p=0.1 (G1)
89,11,0.4714285714285714,0.011071844259141438,0.12727272727272726,3.5077410114356766,-46.990577118546554,13.396250454452414,ER N=100 p=0.1 (G1)
90,9,0.4520547945205479,0.0076579701758194224,0.08333333333333333,2.893887564623462,-38.6335887305521,13.350065566759124,ER N=100 p=0.1 (G1)
91,12,0.4782608695652174,0.014049512642019745,0.045454545454545456,3.825279518874744,-51.21641260423662,13.388933371149463,ER N=100 p=0.1 (G1)
92,8,0.43231441048034935,0.006924270845868195,0.10714285714285714,2.5916383002014243,-34.45684034250446,13.29538938355188,ER N=100 p=0.1 (G1)
93,15,0.49748743718592964,0.01912303220654902,0.14285714285714285,4.711907231115305,-63.45426652536098,13.466790285330257,ER N=100 p=0.1 (G1)
94,11,0.4669811320754717,0.011468770877760947,0.14545454545454545,3.5174328814748748,-47.05742649916273,13.37834383336729,ER N=100 p=0.1 (G1)
95,12,0.4604651162790698,0.01459993782128378,0.09090909090909091,3.831960921841805,-51.21137419140954,13.364273601933068,ER N=100 p=0.1 (G1)
96,12,0.4541284403669725,0.012496404044356141,0.12121212121212122,3.8281244733289057,-51.21403777444998,13.378362728606541,ER N=100 p=0.1 (G1)
97,8,0.4439461883408072,0.0068215313328373805,0.14285714285714285,2.579653585864918,-34.39000676726649,13.331249961508322,ER N=100 p=0.1 (G1)
98,8,0.45,0.006330229719855111,0.07142857142857142,2.5701216999227654,-34.37066040238954,13.373164548364542,ER N=100 p=0.1 (G1)
99,6,0.4090909090909091,0.0025878093171039056,0.3333333333333333,1.9492923824111692,-25.90847315163282,13.291219616620797,ER N=100 p=0.1 (G1)
0,10,0.4194915254237288,0.08981527598208461,0.044444444444444446,15.173473253534851,-66.40056917506861,4.3760955758497655,BA N=100 m=2 (G1)
1,14,0.4541284403669725,0.15233819888331887,0.06593406593406594,20.661392177120405,-91.02994916135447,4.405799395364915,BA N=100 m=2 (G1)
2,14,0.42127659574468085,0.13992155581876456,0.03296703296703297,20.9986231426045,-91.81040754043224,4.372210831011886,BA N=100 m=2 (G1)
3,20,0.45622119815668205,0.23621759485385566,0.03684210526315789,28.74424949777557,-126.4751209022483,4.400014719884609,BA N=100 m=2 (G1)
4,9,0.4090909090909091,0.0931277645065433,0.05555555555555555,13.727739145858415,-60.262188782753334,4.389811617372851,BA N=100 m=2 (G1)
5,8,0.376425855513308,0.06657792987617407,0.03571428571428571,12.462179319494169,-53.816986645855685,4.3184249934256345,BA N=100 m=2 (G1)
6,11,0.41422594142259417,0.09662862452387352,0.07272727272727272,16.680308721279474,-73.17593049883787,4.3869649969658875,BA N=100 m=2 (G1)
7,8,0.4008097165991903,0.07620188410069581,0.0,12.44096584176004,-54.00296942667772,4.340737697824742,BA N=100 m=2 (G1)
8,13,0.4090909090909091,0.12437020123844852,0.05128205128205128,19.676321852519877,-85.80260451565862,4.360703446445718,BA N=100 m=2 (G1)
9,12,0.396,0.1090171344142597,0.0,18.42595632637213,-79.90914394935056,4.3367705064502236,BA N=100 m=2 (G1)
10,2,0.3289036544850498,0.001996015074882986,0.0,3.041397527193004,-13.586882925202913,4.467315700668255,BA N=100 m=2 (G1)
11,5,0.3639705882352941,0.027912132073282702,0.0,7.791295402799186,-34.09870620198016,4.376513075056747,BA N=100 m=2 (G1)
12,6,0.38671875,0.04414070185762262,0.0,9.29678849417845,-40.555049675886764,4.362264420803152,BA N=100 m=2 (G1)
13,4,0.3639705882352941,0.01380988307529675,0.16666666666666666,6.113158307614416,-27.048484243376517,4.424633369903986,BA N=100 m=2 (G1)
14,13,0.39919354838709675,0.10802810242868874,0.038461538461538464,19.901371752993654,-86.27364426556507,4.335060182602106,BA N=100 m=2 (G1)
15,10,0.3852140077821012,0.06506351895853549,0.044444444444444446,15.232841251196561,-66.44052499685247,4.361663323421918,BA N=100 m=2 (G1)
16,4,0.34494773519163763,0.01842620610114762,0.0,6.293517483232208,-27.59251326223262,4.384275301649235,BA N=100 m=2 (G1)
17,4,0.36531365313653136,0.03625529149556942,0.0,6.268513200824479,-27.328433317754573,4.35963560133528,BA N=100 m=2 (G1)
18,5,0.3639705882352941,0.02139727879432853,0.1,7.746962429520728,-33.74577142517988,4.356000397857563,BA N=100 m=2 (G1)
19,3,0.308411214953271,0.005810909011280069,0.0,4.769919312160184,-20.782152821739608,4.356919155583758,BA N=100 m=2 (G1)
20,5,0.3473684210526316,0.024102552890431672,0.0,7.897940638205725,-34.405898597855,4.356312635653263,BA N=100 m=2 (G1)
21,3,0.3402061855670103,0.0096631196971333,0.0,4.690949217998639,-20.536473210072035,4.377892886001818,BA N=100 m=2 (G1)
22,2,0.33,0.0,1.0,3.0254140408360133,-13.580018323440834,4.488647880965167,BA N=100 m=2 (G1)
23,3,0.32459016393442625,0.011023645541998335,0.3333333333333333,4.740083033489277,-20.74586412191443,4.3766879135539005,BA N=100 m=2 (G1)
24,2,0.32247557003257327,0.0015567971940145314,0.0,3.0561517127111983,-13.643361843017123,4.464229241719716,BA N=100 m=2 (G1)
25,3,0.30275229357798167,0.004815418668232521,0.0,4.843537365350603,-20.955468600907853,4.326480218944481,BA N=100 m=2 (G1)
26,3,0.33,0.004176851115626626,0.3333333333333333,4.679419818862499,-20.56354588304852,4.394464843730826,BA N=100 m=2 (G1)
27,4,0.33559322033898303,0.024481311738170995,0.0,6.404731588728993,-27.775582184854937,4.3367285264122915,BA N=100 m=2 (G1)
28,4,0.3413793103448276,0.024851034252522115,0.16666666666666666,6.3457871146586555,-27.660025988873745,4.358801436149595,BA N=100 m=2 (G1)
29,2,0.34615384615384615,0.0,1.0,2.961487350196858,-13.338646104087875,4.504036157102349,BA N=100 m=2 (G1)
30,3,0.29464285714285715,0.004752528902188766,0.0,4.751549648726854,-20.73791896151866,4.364453808680131,BA N=100 m=2 (G1)
31,3,0.3055555555555556,0.004371881464991437,0.0,4.789719390859844,-20.750225785075216,4.332242474302897,BA N=100 m=2 (G1)
32,3,0.3113207547169811,0.008850370523221487,0.0,4.786850498848754,-20.76823138504603,4.338600378273946,BA N=100 m=2 (G1)
33,4,0.336734693877551,0.02267596749662303,0.16666666666666666,6.35371656449373,-27.373747292246467,4.308304755868132,BA N=100 m=2 (G1)
34,3,0.3173076923076923,0.005986530417439143,0.0,4.695800022893906,-20.573659919839123,4.381289624671896,BA N=100 m=2 (G1)
35,4,0.31230283911671924,0.012768343596129257,0.0,6.480654210397319,-27.89832535021942,4.304862509939258,BA N=100 m=2 (G1)
36,3,0.29819277108433734,0.005098966430771881,0.0,4.863651762597147,-21.155481253983158,4.349711345839925,BA N=100 m=2 (G1)
37,7,0.36531365313653136,0.048656527852297064,0.14285714285714285,10.979801486951665,-47.738692876780874,4.347864843778211,BA N=100 m=2 (G1)
38,3,0.2920353982300885,0.010127553195432522,0.0,4.898257994348505,-20.964220322561115,4.279933875828742,BA N=100 m=2 (G1)
39,2,0.3413793103448276,0.0022349354070382407,0.0,2.9749360591043796,-13.359715380868685,4.49075715089174,BA N=100 m=2 (G1)
40,2,0.32038834951456313,0.004536955106145233,0.0,3.108689424719911,-13.741962940939704,4.420500430716985,BA N=100 m=2 (G1)
41,2,0.3235294117647059,0.0011634812655220818,0.0,3.055522213874287,-13.59397055059712,4.448984363088782,BA N=100 m=2 (G1)
42,2,0.3256578947368421,0.0,1.0,2.96669263359904,-13.34273543431442,4.497511903728191,BA N=100 m=2 (G1)
43,2,0.3065015479876161,0.0010690808309855927,0.0,3.143592427088862,-13.826645269499592,4.39835811740513,BA N=100 m=2 (G1)
44,5,0.3235294117647059,0.025388725825718796,0.2,8.084663373750232,-34.82103587101074,4.307048328576025,BA N=100 m=2 (G1)
45,2,0.2955223880597015,0.0017166266702444808,0.0,3.230427311759314,-14.028765168096662,4.342696434316764,BA N=100 m=2 (G1)
46,2,0.3235294117647059,0.001125204990387427,0.0,3.0527930932679848,-13.65779491158623,4.473868517884288,BA N=100 m=2 (G1)
47,2,0.34256055363321797,0.0,1.0,2.995653567994081,-13.476401036770351,4.498651373027183,BA N=100 m=2 (G1)
48,3,0.3113207547169811,0.016319789317624813,0.0,4.88423440359977,-20.98919915779374,4.297336577934162,BA N=100 m=2 (G1)
49,2,0.3333333333333333,0.0,1.0,3.0053156175552367,-13.418775453598466,4.465013716101595,BA N=100 m=2 (G1)
50,2,0.32247557003257327,0.003705266049749297,0.0,3.083659431793212,-13.558239404168221,4.396801820713328,BA N=100 m=2 (G1)
51,3,0.3574007220216607,0.01686297402811281,0.0,4.632566567355671,-20.29132935355447,4.38014846813891,BA N=100 m=2 (G1)
52,2,0.3413793103448276,0.006447150988603933,0.0,3.035396209348038,-13.565849238627806,4.469218613652274,BA N=100 m=2 (G1)
53,4,0.3046153846153846,0.021489857257346073,0.16666666666666666,6.5667312382120215,-28.188190665526363,4.292575657961813,BA N=100 m=2 (G1)
54,3,0.32459016393442625,0.014839506676241369,0.3333333333333333,4.756924493049858,-20.647754909238856,4.340568142169677,BA N=100 m=2 (G1)
55,2,0.3235294117647059,0.005088976950547666,0.0,3.0641600831154907,-13.644985462115136,4.453091578766855,BA N=100 m=2 (G1)
56,2,0.3103448275862069,0.0018174946746375312,0.0,3.1401523093774806,-13.805250364622653,4.396363298492192,BA N=100 m=2 (G1)
57,5,0.35231316725978645,0.03568979714005905,0.0,8.03563039424131,-34.648183761860636,4.311818993901346,BA N=100 m=2 (G1)
58,4,0.336734693877551,0.014871396083752564,0.0,6.361704812008288,-27.6917067978107,4.352875151569454,BA N=100 m=2 (G1)
59,4,0.3413793103448276,0.01544339440144007,0.0,6.320554423138773,-27.407206277551484,4.336202877585718,BA N=100 m=2 (G1)
60,3,0.3535714285714286,0.010626745560264423,0.0,4.559741246547951,-20.091518427201994,4.406284773815336,BA N=100 m=2 (G1)
61,4,0.29819277108433734,0.014615754888099004,0.0,6.589005448068463,-28.169930151806234,4.2752931946754,BA N=100 m=2 (G1)
62,2,0.3103448275862069,0.003564319164195478,0.0,3.1663690936605224,-13.903456462138001,4.390977820613051,BA N=100 m=2 (G1)
63,4,0.33559322033898303,0.015818145439994175,0.16666666666666666,6.330998750423152,-27.540135029486258,4.350045879829866,BA N=100 m=2 (G1)
64,2,0.3046153846153846,0.0009076020980782885,0.0,3.1821987969292387,-13.915826596093773,4.373022392416929,BA N=100 m=2 (G1)
65,2,0.32781456953642385,0.0,1.0,3.0637002711721824,-13.677212003807094,4.464278745705808,BA N=100 m=2 (G1)
66,2,0.2972972972972973,0.001244242941831068,0.0,3.1914077631796083,-13.90466042459935,4.356904995037707,BA N=100 m=2 (G1)
67,5,0.32247557003257327,0.03914638016210464,0.0,8.21321935694725,-35.1113979694776,4.274986024789197,BA N=100 m=2 (G1)
68,2,0.26756756756756755,0.0034951323419971747,0.0,3.344531115728845,-14.352579735769993,4.29135781343815,BA N=100 m=2 (G1)
69,4,0.28285714285714286,0.011398499230904921,0.16666666666666666,6.66063723107942,-28.26210558191106,4.243153410312802,BA N=100 m=2 (G1)
70,2,0.30745341614906835,0.0014191968273600925,0.0,3.114614822426038,-13.667326705116782,4.388127420029106,BA N=100 m=2 (G1)
71,3,0.28285714285714286,0.01582227188833468,0.0,5.041429437209835,-21.44197100280924,4.2531530530904815,BA N=100 m=2 (G1)
72,2,0.2619047619047619,0.0013983371126228268,0.0,3.312815180665698,-14.180021374738722,4.280353898852063,BA N=100 m=2 (G1)
73,2,0.33,0.0,1.0,3.0254140408360115,-13.58001832344083,4.488647880965169,BA N=100 m=2 (G1)
74,2,0.3103448275862069,0.0029459723927135395,0.0,3.1551774970775988,-13.836307420438304,4.385270696578504,BA N=100 m=2 (G1)
75,2,0.264,0.000682235376112927,0.0,3.279990183850572,-14.128562294535982,4.307501395613824,BA N=100 m=2 (G1)
76,2,0.308411214953271,0.0014842300556586272,0.0,3.151653683886064,-13.883950276994295,4.405290577445379,BA N=100 m=2 (G1)
77,2,0.29376854599406527,0.0014679587345017146,0.0,3.1806202078714634,-13.892671841848635,4.367912838969824,BA N=100 m=2 (G1)
78,3,0.2886297376093295,0.008341301669996784,0.3333333333333333,4.950613853026006,-21.224068597753305,4.2871589721707615,BA N=100 m=2 (G1)
79,2,0.3065015479876161,0.0013799063118791006,0.0,3.099655584500548,-13.722752465074304,4.427186211814392,BA N=100 m=2 (G1)
80,3,0.30368098159509205,0.004854587337580534,0.0,4.8465099291246325,-20.927452926484705,4.318046023329737,BA N=100 m=2 (G1)
81,2,0.30368098159509205,0.0019534509330427696,0.0,3.1356083587872927,-13.769074599845316,4.39119718547075,BA N=100 m=2 (G1)
82,2,0.26975476839237056,0.003590966856272978,0.0,3.30965580633878,-14.108902475020512,4.262951587895817,BA N=100 m=2 (G1)
83,2,0.2911764705882353,0.0036691977941204906,0.0,3.247682352092708,-14.07938165271398,4.335208966370018,BA N=100 m=2 (G1)
84,3,0.2903225806451613,0.008728744569671848,0.0,4.994365698839953,-21.355125573739677,4.275843392625385,BA N=100 m=2 (G1)
85,2,0.3548387096774194,0.003771444517288308,0.0,2.9688207455967888,-13.338412743239028,4.492831964685613,BA N=100 m=2 (G1)
86,2,0.2911764705882353,0.0007902150759293616,0.0,3.2088270939932855,-14.007203214376037,4.3652097180918865,BA N=100 m=2 (G1)
87,2,0.3378839590443686,0.0011308367987403235,0.0,3.006614112359724,-13.43951613777146,4.469983721064733,BA N=100 m=2 (G1)
88,3,0.2632978723404255,0.009573312249382678,0.0,5.149057640813879,-21.674181609922403,4.209349190058106,BA N=100 m=2 (G1)
89,2,0.25384615384615383,0.002161230052386515,0.0,3.367744824598214,-14.3059092176376,4.2479195909222,BA N=100 m=2 (G1)
90,2,0.24205378973105135,0.0,1.0,3.3588408400016796,-14.362577178992918,4.27605172830569,BA N=100 m=2 (G1)
91,2,0.28695652173913044,0.001389767066037574,0.0,3.2494609022641896,-14.107345223130686,4.341441749091623,BA N=100 m=2 (G1)
92,3,0.3173076923076923,0.010364276821383378,0.0,4.829864974817543,-20.86974578045378,4.320979134875747,BA N=100 m=2 (G1)
93,2,0.30745341614906835,0.001566687280972995,0.0,3.1160613333813885,-13.725527190390924,4.404767981731827,BA N=100 m=2 (G1)
94,2,0.29464285714285715,0.0,1.0,3.176838245803742,-13.938461585269623,4.387526372701165,BA N=100 m=2 (G1)
95,2,0.32781456953642385,0.0,1.0,3.063700271172184,-13.677212003807092,4.464278745705805,BA N=100 m=2 (G1)
96,2,0.28205128205128205,0.0014006275911037814,0.0,3.246840480759438,-14.000228281344787,4.311954456743167,BA N=100 m=2 (G1)
97,2,0.3256578947368421,0.004312784579179676,0.0,3.140737662792887,-13.769955257677069,4.384306088599644,BA N=100 m=2 (G1)
98,2,0.3065015479876161,0.004790126728902239,0.0,3.181149381922719,-13.883142033909456,4.36419053842682,BA N=100 m=2 (G1)
99,2,0.2385542168674699,0.0023472979641810804,0.0,3.4783561374065446,-14.599308776971363,4.197186314526315,BA N=100 m=2 (G1)
0,20,0.7777777777777778,0.020262732564319864,0.6894736842105263,-0.2551196367706776,-14.583962293591934,-57.1651891567296,Empirical VC7 (layer 1)
1,19,0.7567567567567568,0.008893715044508694,0.783625730994152,-0.24924739680612085,-13.864534415014596,-55.625593657851674,Empirical VC7 (layer 1)
2,28,1.0,0.07696032656350116,0.5608465608465608,-0.3737426134778161,-19.857541946031393,-53.13159706689443,Empirical VC7 (layer 1)
3,8,0.5833333333333334,0.0008648758648758648,0.8928571428571429,-0.08584117060632579,-6.100336753301087,-71.0653956628539,Empirical VC7 (layer 1)
4,19,0.7567567567567568,0.01671077305997941,0.695906432748538,-0.2387359586168305,-13.921962924691766,-58.315316240384284,Empirical VC7 (layer 1)
5,9,0.5957446808510638,0.0016698469079421462,0.8333333333333334,-0.09410203523951477,-6.870284349455743,-73.00888160355977,Empirical VC7 (layer 1)
6,18,0.7368421052631579,0.006390192699716509,0.8104575163398693,-0.2346230163053864,-13.183670970015765,-56.1908681322886,Empirical VC7 (layer 1)
7,19,0.7567567567567568,0.011520864497054972,0.7660818713450293,-0.24644878868322806,-13.870249796455935,-56.280454331159255,Empirical VC7 (layer 1)
8,18,0.7368421052631579,0.027920000340635263,0.5882352941176471,-0.20655496609341029,-13.310316151000382,-64.43958430406879,Empirical VC7 (layer 1)
9,28,1.0,0.07696032656350116,0.5608465608465608,-0.37374261347781257,-19.857541946031397,-53.13159706689494,Empirical VC7 (layer 1)
10,20,0.7777777777777778,0.04414348878634593,0.5263157894736842,-0.22747872840942485,-14.710061430681137,-64.66565702005073,Empirical VC7 (layer 1)
11,19,0.7567567567567568,0.011032001508191983,0.7660818713450293,-0.2466967814156824,-13.86841432371592,-56.21643802619271,Empirical VC7 (layer 1)
12,18,0.7368421052631579,0.01231671767386053,0.7581699346405228,-0.2260460228066954,-13.215694602534864,-58.46461901183877,Empirical VC7 (layer 1)
13,18,0.7368421052631579,0.00704914573962193,0.7908496732026143,-0.23407616031759204,-13.18150955280409,-56.31290916135825,Empirical VC7 (layer 1)
14,15,0.6829268292682927,0.005375290494338114,0.780952380952381,-0.18462933326687647,-11.131533478219115,-60.29125102309067,Empirical VC7 (layer 1)
15,18,0.7368421052631579,0.009444039205943968,0.7908496732026143,-0.23144263961867395,-13.185955172535031,-56.972886216041594,Empirical VC7 (layer 1)
16,18,0.7368421052631579,0.005161857542809923,0.8366013071895425,-0.23637580828643934,-13.16915467807806,-55.712785388425736,Empirical VC7 (layer 1)
17,20,0.7777777777777778,0.016967776491586012,0.7210526315789474,-0.25686853907587626,-14.570866022807774,-56.72499277345792,Empirical VC7 (layer 1)
18,16,0.7,0.008806515354134403,0.7416666666666667,-0.1972757713973543,-11.837883650624901,-60.00677917401701,Empirical VC7 (layer 1)
19,19,0.7567567567567568,0.02720548851501232,0.6198830409356725,-0.22438377425222633,-13.973440023203143,-62.2747347475126,Empirical VC7 (layer 1)
20,17,0.717948717948718,0.012426939609479293,0.6911764705882353,-0.21069538719883596,-12.542379959530308,-59.5284981141704,Empirical VC7 (layer 1)
21,19,0.7567567567567568,0.009121111105238089,0.7777777777777778,-0.24925727722469304,-13.862830705337007,-55.61655354535689,Empirical VC7 (layer 1)
22,11,0.6222222222222222,0.005246429055952865,0.7636363636363637,-0.10531230817900017,-8.386655918740546,-79.63604695175496,Empirical VC7 (layer 1)
23,7,0.5714285714285714,0.0002035002035002035,0.9523809523809523,-0.06317225481132827,-5.408331263632691,-85.61244615670819,Empirical VC7 (layer 1)
24,17,0.717948717948718,0.0048754596373643995,0.8308823529411765,-0.21993073929531626,-12.486775983304316,-56.77594693362739,Empirical VC7 (layer 1)
25,12,0.6363636363636364,0.004825069110783396,0.7272727272727273,-0.13644362133858223,-9.03748838043277,-66.23606359733311,Empirical VC7 (layer 1)
26,15,0.6829268292682927,0.005442837585694729,0.7904761904761904,-0.1852369166380452,-11.13165106755136,-60.09412847927456,Empirical VC7 (layer 1)
27,8,0.5833333333333334,0.0011526172240457952,0.8571428571428571,-0.08565150017534418,-6.102962908826603,-71.25342692577163,Empirical VC7 (layer 1)
28,7,0.5714285714285714,0.0002035002035002035,0.9523809523809523,-0.06317225481132915,-5.40833126363269,-85.61244615670698,Empirical VC7 (layer 1)
0,34,0.660377358490566,0.03778962747128492,0.39572192513368987,0.833236496740632,-48.755894066323535,58.513872420425386,Empirical Law (layer 1)
1,28,0.625,0.02548146166619098,0.3941798941798942,0.6771379691184194,-40.35035654227239,59.589564287475106,Empirical Law (layer 1)
2,25,0.603448275862069,0.010040913402986584,0.55,0.6020780627108522,-36.137596650111306,60.02144719806272,Empirical Law (layer 1)
3,17,0.5109489051094891,0.0034802560202998887,0.5955882352941176,0.42950491655822987,-24.92290052809981,58.02704361993235,Empirical Law (layer 1)
4,14,0.5147058823529411,0.0018207100652011966,0.6483516483516484,0.34805896243756607,-20.505878661122605,58.91495658526792,Empirical Law (layer 1)
5,12,0.5109489051094891,0.0028541735111707977,0.5303030303030303,0.31816468491060945,-17.769885408035922,55.85121872664307,Empirical Law (layer 1)
6,27,0.6194690265486725,0.013961384001145159,0.48148148148148145,0.6427931419067932,-38.8884271967202,60.499132086818584,Empirical Law (layer 1)
7,26,0.5932203389830508,0.008664938967559902,0.5753846153846154,0.6201164502963508,-37.518049156765045,60.50161891179527,Empirical Law (layer 1)
8,13,0.5,0.0024304328118178015,0.6410256410256411,0.35055403969722576,-19.30385672734601,55.066707387023094,Empirical Law (layer 1)
9,9,0.47297297297297297,0.00015956668130581174,0.8888888888888888,0.24356509158776518,-13.425453073005206,55.120596245901424,Empirical Law (layer 1)
10,14,0.5303030303030303,0.0017171595084574723,0.6483516483516484,0.3452732937286136,-20.474928815976284,59.30064441088708,Empirical Law (layer 1)
11,17,0.5645161290322581,0.007173629972841482,0.5,0.4255075155860908,-24.821617943922213,58.334146953275564,Empirical Law (layer 1)
12,27,0.6140350877192983,0.026358529683001956,0.3903133903133903,0.676070796165142,-39.134723080344386,57.88553994985024,Empirical Law (layer 1)
13,22,0.5882352941176471,0.01721916139264148,0.39826839826839827,0.5583748664018415,-32.09444810867331,57.478317954189826,Empirical Law (layer 1)
14,31,0.6422018348623854,0.02754637111637979,0.42795698924731185,0.758372968403485,-44.57226792446267,58.77354518357309,Empirical Law (layer 1)
15,16,0.5511811023622047,0.005291393802892017,0.525,0.4167500748900004,-23.52294519191957,56.443769561717204,Empirical Law (layer 1)
16,16,0.546875,0.0055572285596117875,0.5416666666666666,0.42185035408407856,-23.475618075952916,55.649160534481894,Empirical Law (layer 1)
17,17,0.5511811023622047,0.017194017301477467,0.4117647058823529,0.45889788405754217,-24.961984410596475,54.39550993324354,Empirical Law (layer 1)
18,26,0.6140350877192983,0.013881299053306873,0.5015384615384615,0.6266354520272444,-37.49812679597894,59.84041706333051,Empirical Law (layer 1)
19,32,0.6363636363636364,0.019604030697556698,0.46774193548387094,0.7486914307353771,-45.840266234976774,61.22718165740418,Empirical Law (layer 1)
20,15,0.5343511450381679,0.002572368064647927,0.6190476190476191,0.3788025556242367,-21.980951520518257,58.02746363285587,Empirical Law (layer 1)
21,16,0.5223880597014925,0.0025561824969994444,0.625,0.3975356134822263,-23.403737837150402,58.87205332912085,Empirical Law (layer 1)
22,26,0.6086956521739131,0.010401714287055821,0.5476923076923077,0.6199257320319091,-37.50651054874574,60.50161916301158,Empirical Law (layer 1)
23,27,0.6194690265486725,0.016072199671402658,0.45584045584045585,0.6599651526120027,-38.996946898105506,59.089403044636256,Empirical Law (layer 1)
24,23,0.5982905982905983,0.02004738384278574,0.4268774703557312,0.5885768497209085,-33.46346748624338,56.85488225048453,Empirical Law (layer 1)
25,23,0.5882352941176471,0.020540451621747537,0.4031620553359684,0.5780693647077157,-33.528436098968015,58.00071435358058,Empirical Law (layer 1)
26,6,0.47297297297297297,0.001410332261393915,0.3333333333333333,0.1674977180141468,-8.97452113714891,53.57996063200649,Empirical Law (layer 1)
27,22,0.5882352941176471,0.006591740624777899,0.5194805194805194,0.5313477280510739,-31.880418523860264,59.99916220738197,Empirical Law (layer 1)
28,36,0.6730769230769231,0.03205284931778034,0.43333333333333335,0.8326784637714582,-51.24018781642116,61.53658350227831,Empirical Law (layer 1)
29,9,0.49295774647887325,0.0024124321807256184,0.4722222222222222,0.24230159065590762,-13.370923072736073,55.18297687002854,Empirical Law (layer 1)
30,14,0.5343511450381679,0.00421525508781145,0.5714285714285714,0.36953617322040344,-20.684166879290544,55.973321093396265,Empirical Law (layer 1)
31,28,0.6194690265486725,0.01769064778085844,0.46825396825396826,0.675723456736506,-40.38603696844987,59.76710822427191,Empirical Law (layer 1)
32,23,0.5785123966942148,0.005866791395708511,0.6007905138339921,0.555897786341859,-33.334609502824634,59.965357520464984,Empirical Law (layer 1)
33,46,0.7446808510638298,0.05749867021186738,0.38743961352657,1.0257032592255086,-64.66342080131301,63.04300997360511,Empirical Law (layer 1)
34,23,0.5932203389830508,0.011795469965634834,0.4624505928853755,0.586113169844964,-33.55367140096699,57.24776907818409,Empirical Law (layer 1)
35,26,0.6140350877192983,0.028908433213869916,0.4276923076923077,0.665493217849658,-37.68053377363917,56.62046248253668,Empirical Law (layer 1)
36,18,0.56,0.0058413708724289895,0.49673202614379086,0.4564398810399837,-26.328537307569626,57.68237702538371,Empirical Law (layer 1)
37,27,0.6140350877192983,0.0125085291196007,0.4928774928774929,0.6458567841737874,-38.89158071620122,60.21703521463088,Empirical Law (layer 1)
38,12,0.5343511450381679,0.006827555833838264,0.36363636363636365,0.32248130455466395,-17.762251493197923,55.079941820897204,Empirical Law (layer 1)
39,17,0.546875,0.011660650152810707,0.38235294117647056,0.43470838596476113,-24.929397589097597,57.347404361135226,Empirical Law (layer 1)
40,31,0.6422018348623854,0.02702615137430926,0.44516129032258067,0.7490090206750324,-44.53229673376153,59.454953818349885,Empirical Law (layer 1)
41,40,0.7,0.0400960839463067,0.4128205128205128,0.9102379084054064,-56.67722624378841,62.26638741411901,Empirical Law (layer 1)
42,14,0.48951048951048953,0.0009497040768478097,0.7582417582417582,0.3544098154534545,-20.582846735886726,58.07640149455714,Empirical Law (layer 1)
43,12,0.5147058823529411,0.00260271634892464,0.5757575757575758,0.31576694763000646,-17.729138586821932,56.146277246204036,Empirical Law (layer 1)
44,20,0.5691056910569106,0.0052172716399559275,0.5578947368421052,0.4854626910346944,-29.061131944823327,59.86275048837157,Empirical Law (layer 1)
45,11,0.5035971223021583,0.0022543029907221607,0.5454545454545454,0.2895964752101783,-16.286973583968873,56.24023418153966,Empirical Law (layer 1)
46,31,0.6422018348623854,0.027268717766690414,0.43010752688172044,0.7586306766490694,-44.642417635951205,58.846048558358106,Empirical Law (layer 1)
47,26,0.603448275862069,0.01614234690208102,0.48923076923076925,0.6346280168012299,-37.61578647329048,59.272180675048915,Empirical Law (layer 1)
48,22,0.5785123966942148,0.010154204781780906,0.49783549783549785,0.5348178362860878,-31.931931055046583,59.70618197177211,Empirical Law (layer 1)
49,26,0.6086956521739131,0.013816034889891684,0.4646153846153846,0.6209758962587344,-37.49966316126153,60.38827495107315,Empirical Law (layer 1)
50,21,0.5785123966942148,0.006291785771591747,0.5714285714285714,0.5184476090858965,-30.518220134202064,58.864617368012205,Empirical Law (layer 1)
51,18,0.5343511450381679,0.0029557704224916726,0.6862745098039216,0.4434103061151333,-26.26877495949545,59.242589983180615,Empirical Law (layer 1)
52,7,0.4861111111111111,0.0017470837543825737,0.42857142857142855,0.19562220861771884,-10.444555789562953,53.39146236700304,Empirical Law (layer 1)
53,21,0.5833333333333334,0.010349707040927782,0.5142857142857142,0.5300943376931393,-30.62765459216331,57.77774334554962,Empirical Law (layer 1)
54,21,0.5833333333333334,0.01016215987358474,0.5380952380952381,0.5378761336952564,-30.705559282804963,57.08667360244275,Empirical Law (layer 1)
55,18,0.5691056910569106,0.009061397029306783,0.477124183006536,0.4676061447532369,-26.43923337571588,56.54167224356788,Empirical Law (layer 1)
56,18,0.546875,0.004632075344977915,0.5555555555555556,0.4608511805518418,-26.385130942600153,57.25303971448122,Empirical Law (layer 1)
57,24,0.5932203389830508,0.009112829385784815,0.5217391304347826,0.5743306109609847,-34.686652521316965,60.3949221220829,Empirical Law (layer 1)
58,19,0.5691056910569106,0.0050534108181646215,0.543859649122807,0.46223107801263197,-27.634273745267542,59.78454296946331,Empirical Law (layer 1)
59,12,0.49295774647887325,0.0012325620211037713,0.6818181818181818,0.3201173973565652,-17.804654275220695,55.61913979760633,Empirical Law (layer 1)
60,14,0.5263157894736842,0.0035742850397846374,0.5054945054945055,0.36725093855894286,-20.666975235509803,56.27480576797166,Empirical Law (layer 1)
61,11,0.5263157894736842,0.004725383364195965,0.4,0.2859259493029995,-16.267367702619367,56.89363886794557,Empirical Law (layer 1)
62,6,0.4605263157894737,0.0001078197165153687,0.8666666666666667,0.15962347056110637,-8.908946962016413,55.81226201071683,Empirical Law (layer 1)
63,6,0.47619047619047616,3.764351590438547e-05,0.9333333333333333,0.15906541145416142,-8.897502967293114,55.93612643976435,Empirical Law (layer 1)
64,20,0.5511811023622047,0.0069055691872301735,0.5210526315789473,0.49409090065527295,-29.14479773532672,58.98671215493813,Empirical Law (layer 1)
65,25,0.603448275862069,0.015838998747061732,0.47333333333333333,0.6172084435374074,-36.24977696342355,58.73182284361692,Empirical Law (layer 1)
66,20,0.5645161290322581,0.010782384221100916,0.4473684210526316,0.5113164667122341,-29.29292188442063,57.289220651887426,Empirical Law (layer 1)
67,24,0.603448275862069,0.01393256586872974,0.5,0.6040128002678884,-34.81234975568669,57.635119223047774,Empirical Law (layer 1)
68,14,0.5384615384615384,0.009910943823137461,0.4835164835164835,0.3815928676639757,-20.649428641219888,54.11376991302529,Empirical Law (layer 1)
69,19,0.5691056910569106,0.006018471607679306,0.5497076023391813,0.4619672229024552,-27.630016722008445,59.80947424887447,Empirical Law (layer 1)
70,3,0.4069767441860465,6.901311249137335e-05,0.6666666666666666,0.08687251799152662,-4.5170229956644965,51.99599482203426,Empirical Law (layer 1)
