g1,g2,panel,iC,iM,bc_single,bc_two,b_over_c,t,mean_R_all,n_R_all,mean_R_coop,n_R_coop,mean_R_def,n_R_def,rho_C
25,5,top,0,0,28.32430170860728,6.747494614922509,10.121241922383764,1,0.8538459941325403,346572,0.8086018587286884,59871,0.863294205442608,286701,0.14343
25,5,top,0,0,28.32430170860728,6.747494614922509,10.121241922383764,2,0.7076385883868209,261186,0.6484175445833651,52979,0.7227075902922685,208207,0.14343
25,5,top,0,0,28.32430170860728,6.747494614922509,10.121241922383764,3,0.5853552269559745,208047,0.5284984882400942,48657,0.6027118888276317,159390,0.14343
25,5,top,0,0,28.32430170860728,6.747494614922509,10.121241922383764,5,0.4193619909393991,146366,0.38672676171930226,43334,0.4330879694999174,103032,0.14343
25,5,top,0,0,28.32430170860728,6.747494614922509,10.121241922383764,7,0.32902588840012387,110745,0.31577258044485107,39177,0.3362808745079726,71568,0.14343
25,5,top,0,0,28.32430170860728,6.747494614922509,10.121241922383764,10,0.2549481330447974,78158,0.26707886305528195,33051,0.24605965104472954,45107,0.14343
25,5,top,0,0,28.32430170860728,6.747494614922509,10.121241922383764,15,0.19363295376433803,46624,0.22771571344295335,22714,0.16125504479988254,23910,0.14343
25,5,top,0,0,28.32430170860728,6.747494614922509,10.121241922383764,20,0.14974147598685753,28175,0.19302724059809312,14464,0.10407848281809119,13711,0.14343
25,5,top,0,0,28.32430170860728,6.747494614922509,10.121241922383764,30,0.09392348626889482,10433,0.14970768278681254,5404,0.033979601205695945,5029,0.14343
25,5,top,0,0,28.32430170860728,6.747494614922509,10.121241922383764,50,0.013196889756197896,1423,0.0632005795810855,728,-0.039181075988432595,695,0.14343
25,5,top,0,0,28.32430170860728,6.747494614922509,10.121241922383764,75,0.008009075235860369,112,0.11705038254999924,53,-0.08994328557175593,59,0.14343
25,5,top,0,0,28.32430170860728,6.747494614922509,10.121241922383764,100,0.2877291459133582,9,0.3899270522033706,6,0.08333333333333333,3,0.14343
25,5,top,0,0,28.32430170860728,6.747494614922509,10.121241922383764,150,,0,,0,,0,0.14343
25,5,top,0,0,28.32430170860728,6.747494614922509,10.121241922383764,200,,0,,0,,0,0.14343
25,5,bot_i,0,1,28.32430170860728,26.47071859153476,10.121241922383764,1,-0.08372153699370188,347270,-0.03295568185094098,58809,-0.09407125212011756,288461,0.140754
25,5,bot_i,0,1,28.32430170860728,26.47071859153476,10.121241922383764,2,0.015446031718425709,251832,0.087131532302122,50085,-0.0023503582985060405,201747,0.140754
25,5,bot_i,0,1,28.32430170860728,26.47071859153476,10.121241922383764,3,0.09533973073335329,189858,0.17228814522020072,43585,0.07241139368288801,146273,0.140754
25,5,bot_i,0,1,28.32430170860728,26.47071859153476,10.121241922383764,5,0.1940098273157579,118549,0.2553995798446766,34534,0.16877583679217265,84015,0.140754
25,5,bot_i,0,1,28.32430170860728,26.47071859153476,10.121241922383764,7,0.23036395923292058,81577,0.27209664622830576,28495,0.20796139497513527,53082,0.140754
25,5,bot_i,0,1,28.32430170860728,26.47071859153476,10.121241922383764,10,0.22988303798672693,52263,0.26250694345836756,21862,0.20642249979982902,30401,0.140754
25,5,bot_i,0,1,28.32430170860728,26.47071859153476,10.121241922383764,15,0.19503435130692276,29231,0.2323543806968559,14068,0.1604093975736468,15163,0.140754
25,5,bot_i,0,1,28.32430170860728,26.47071859153476,10.121241922383764,20,0.15170358396277747,17379,0.1991981399815124,8872,0.10217123401588714,8507,0.140754
25,5,bot_i,0,1,28.32430170860728,26.47071859153476,10.121241922383764,30,0.10680408788753058,6335,0.16942050084294194,3264,0.0402524851892353,3071,0.140754
25,5,bot_i,0,1,28.32430170860728,26.47071859153476,10.121241922383764,50,0.02315662108739388,849,0.11388863100730316,430,-0.06995737477313364,419,0.140754
25,5,bot_i,0,1,28.32430170860728,26.47071859153476,10.121241922383764,75,-0.024415639066538788,68,0.17847338348264039,34,-0.2273046616157179,34,0.140754
25,5,bot_i,0,1,28.32430170860728,26.47071859153476,10.121241922383764,100,-0.658113883008419,2,-0.31622776601683794,1,-1.0,1,0.140754
25,5,bot_i,0,1,28.32430170860728,26.47071859153476,10.121241922383764,150,,0,,0,,0,0.140754
25,5,bot_i,0,1,28.32430170860728,26.47071859153476,10.121241922383764,200,,0,,0,,0,0.140754
25,5,bot_ii,0,1,28.32430170860728,26.47071859153476,39.706077887302136,1,-0.08071469179763711,347230,-0.03105425106019726,59443,-0.09097215853083003,287787,0.142076
25,5,bot_ii,0,1,28.32430170860728,26.47071859153476,39.706077887302136,2,0.022841543172067647,251252,0.09388867221523195,50754,0.004856695505389288,200498,0.142076
25,5,bot_ii,0,1,28.32430170860728,26.47071859153476,39.706077887302136,3,0.10444900276111246,188683,0.18057844826550484,44092,0.08123386827027057,144591,0.142076
25,5,bot_ii,0,1,28.32430170860728,26.47071859153476,39.706077887302136,5,0.20594566337071124,117584,0.25940802120064466,35018,0.183271138184831,82566,0.142076
25,5,bot_ii,0,1,28.32430170860728,26.47071859153476,39.706077887302136,7,0.24130830645860915,80862,0.27545030512355273,29002,0.22221485784154918,51860,0.142076
25,5,bot_ii,0,1,28.32430170860728,26.47071859153476,39.706077887302136,10,0.23347884009844358,51724,0.25842051175031244,22288,0.2145938021253526,29436,0.142076
25,5,bot_ii,0,1,28.32430170860728,26.47071859153476,39.706077887302136,15,0.18446181116088656,28502,0.21416925511769627,14406,0.1541010394780052,14096,0.142076
25,5,bot_ii,0,1,28.32430170860728,26.47071859153476,39.706077887302136,20,0.14100904436725867,16744,0.18406674372165596,8951,0.09155319079081684,7793,0.142076
25,5,bot_ii,0,1,28.32430170860728,26.47071859153476,39.706077887302136,30,0.08356858070975134,6021,0.14624141910022823,3296,0.007763195265710259,2725,0.142076
25,5,bot_ii,0,1,28.32430170860728,26.47071859153476,39.706077887302136,50,0.012678318509169955,805,0.09529161225375063,421,-0.07789511030975842,384,0.142076
25,5,bot_ii,0,1,28.32430170860728,26.47071859153476,39.706077887302136,75,-0.015686698097500743,60,0.0483528205062933,35,-0.10534202414281241,25,0.142076
25,5,bot_ii,0,1,28.32430170860728,26.47071859153476,39.706077887302136,100,0.3664911064067352,5,0.3828944326835046,3,0.341886116991581,2,0.142076
25,5,bot_ii,0,1,28.32430170860728,26.47071859153476,39.706077887302136,150,,0,,0,,0,0.142076
25,5,bot_ii,0,1,28.32430170860728,26.47071859153476,39.706077887302136,200,,0,,0,,0,0.142076
25,8,top,0,0,28.32430170860728,7.5283705057869135,11.29255575868037,1,0.934908828593211,347394,0.8849988008632251,59993,0.9453272067256207,287401,0.14333
25,8,top,0,0,28.32430170860728,7.5283705057869135,11.29255575868037,2,0.8631762357920759,250685,0.7781565906412689,50763,0.8847639162216067,199922,0.14333
25,8,top,0,0,28.32430170860728,7.5283705057869135,11.29255575868037,3,0.79054486306497,186576,0.6851667057360524,43489,0.8225728647989752,143087,0.14333
25,8,top,0,0,28.32430170860728,7.5283705057869135,11.29255575868037,5,0.6502309320677357,111692,0.532515105129775,32976,0.699544884874311,78716,0.14333
25,8,top,0,0,28.32430170860728,7.5283705057869135,11.29255575868037,7,0.526372825692858,73185,0.4191212449932468,25707,0.5844442774188973,47478,0.14333
25,8,top,0,0,28.32430170860728,7.5283705057869135,11.29255575868037,10,0.37746535966185213,43115,0.30285663842531235,18038,0.43113175172084295,25077,0.14333
25,8,top,0,0,28.32430170860728,7.5283705057869135,11.29255575868037,15,0.2219936634151661,20431,0.19661728025402264,9891,0.2458074969869848,10540,0.14333
25,8,top,0,0,28.32430170860728,7.5283705057869135,11.29255575868037,20,0.13527640249623624,10142,0.13803268602638416,5183,0.13239561654407586,4959,0.14333
25,8,top,0,0,28.32430170860728,7.5283705057869135,11.29255575868037,30,0.05747329905317552,2594,0.05804135349172552,1371,0.056836502131464774,1223,0.14333
25,8,top,0,0,28.32430170860728,7.5283705057869135,11.29255575868037,50,0.04869029130169194,171,0.04137676588001398,91,0.05700942646885064,80,0.14333
25,8,top,0,0,28.32430170860728,7.5283705057869135,11.29255575868037,75,0.12931104890504294,10,0.1678888111313037,8,-0.024999999999999994,2,0.14333
25,8,top,0,0,28.32430170860728,7.5283705057869135,11.29255575868037,100,,0,,0,,0,0.14333
25,8,top,0,0,28.32430170860728,7.5283705057869135,11.29255575868037,150,,0,,0,,0,0.14333
25,8,top,0,0,28.32430170860728,7.5283705057869135,11.29255575868037,200,,0,,0,,0,0.14333
25,8,bot_i,0,1,28.32430170860728,32.4535505279312,11.29255575868037,1,-0.17672980504340557,347218,-0.1232712916221956,58232,-0.18750193986531472,288986,0.139846
25,8,bot_i,0,1,28.32430170860728,32.4535505279312,11.29255575868037,2,-0.15634045576131408,250214,-0.06895149310886521,49079,-0.1776642576757799,201135,0.139846
25,8,bot_i,0,1,28.32430170860728,32.4535505279312,11.29255575868037,3,-0.1382145027822735,185567,-0.03156809062346528,42027,-0.16943944888647308,143540,0.139846
25,8,bot_i,0,1,28.32430170860728,32.4535505279312,11.29255575868037,5,-0.10956122545364959,110880,0.009755789799249674,31857,-0.15766218536292714,79023,0.139846
25,8,bot_i,0,1,28.32430170860728,32.4535505279312,11.29255575868037,7,-0.08502054563713025,71848,0.02896335545846215,24747,-0.14490801300327263,47101,0.139846
25,8,bot_i,0,1,28.32430170860728,32.4535505279312,11.29255575868037,10,-0.053688081097170236,41827,0.043701894702348594,17199,-0.12170051384751546,24628,0.139846
25,8,bot_i,0,1,28.32430170860728,32.4535505279312,11.29255575868037,15,-0.022966917745676114,19577,0.040648322628420525,9311,-0.0806643172316712,10266,0.139846
25,8,bot_i,0,1,28.32430170860728,32.4535505279312,11.29255575868037,20,2.122255007550252e-05,9589,0.044033639511591276,4825,-0.04455474551023382,4764,0.139846
25,8,bot_i,0,1,28.32430170860728,32.4535505279312,11.29255575868037,30,-0.010227357496593852,2405,0.005421165369342954,1244,-0.026994594744849977,1161,0.139846
25,8,bot_i,0,1,28.32430170860728,32.4535505279312,11.29255575868037,50,-0.002160416328464648,178,-0.0015149553217655896,104,-0.003067550716257907,74,0.139846
25,8,bot_i,0,1,28.32430170860728,32.4535505279312,11.29255575868037,75,0.2308640753373011,5,0.6204757192910176,3,-0.3535533905932738,2,0.139846
25,8,bot_i,0,1,28.32430170860728,32.4535505279312,11.29255575868037,100,,0,,0,,0,0.139846
25,8,bot_i,0,1,28.32430170860728,32.4535505279312,11.29255575868037,150,,0,,0,,0,0.139846
25,8,bot_i,0,1,28.32430170860728,32.4535505279312,11.29255575868037,200,,0,,0,,0,0.139846
25,8,bot_ii,0,1,28.32430170860728,32.4535505279312,48.6803257918968,1,-0.1779652348044136,347059,-0.12502922214827886,59196,-0.1888509693562524,287863,0.141742
25,8,bot_ii,0,1,28.32430170860728,32.4535505279312,48.6803257918968,2,-0.15856072795269183,250287,-0.07079823940109274,50147,-0.18055046270559266,200140,0.141742
25,8,bot_ii,0,1,28.32430170860728,32.4535505279312,48.6803257918968,3,-0.14222093452300041,185291,-0.03560292999012162,42856,-0.17430027739700926,142435,0.141742
25,8,bot_ii,0,1,28.32430170860728,32.4535505279312,48.6803257918968,5,-0.11493035529506476,110436,0.005021272708065264,32495,-0.16494033915414552,77941,0.141742
25,8,bot_ii,0,1,28.32430170860728,32.4535505279312,48.6803257918968,7,-0.08998054566510719,71544,0.022572139741420142,25479,-0.1522345318036722,46065,0.141742
25,8,bot_ii,0,1,28.32430170860728,32.4535505279312,48.6803257918968,10,-0.05916632415582703,41580,0.03269976818026798,17766,-0.12770134542242492,23814,0.141742
25,8,bot_ii,0,1,28.32430170860728,32.4535505279312,48.6803257918968,15,-0.02833739797168596,19284,0.03161182601246239,9534,-0.08695851607064851,9750,0.141742
25,8,bot_ii,0,1,28.32430170860728,32.4535505279312,48.6803257918968,20,-0.00510596319210498,9483,0.04363997638910762,5006,-0.05961169773388553,4477,0.141742
25,8,bot_ii,0,1,28.32430170860728,32.4535505279312,48.6803257918968,30,0.036392250009643766,2355,0.058613681168256014,1263,0.010691089246523495,1092,0.141742
25,8,bot_ii,0,1,28.32430170860728,32.4535505279312,48.6803257918968,50,-0.007204769471109517,161,-0.01999138069486264,86,0.00745721139879408,75,0.141742
25,8,bot_ii,0,1,28.32430170860728,32.4535505279312,48.6803257918968,75,0.08736872475050717,6,0.19543950758485482,2,0.033333333333333326,4,0.141742
25,8,bot_ii,0,1,28.32430170860728,32.4535505279312,48.6803257918968,100,,0,,0,,0,0.141742
25,8,bot_ii,0,1,28.32430170860728,32.4535505279312,48.6803257918968,150,,0,,0,,0,0.141742
25,8,bot_ii,0,1,28.32430170860728,32.4535505279312,48.6803257918968,200,,0,,0,,0,0.141742
25,17,top,0,0,28.32430170860728,8.113877169904043,12.170815754856065,1,0.9015160199395027,347232,0.8542782561773888,60231,0.9114294967189936,287001,0.143862
25,17,top,0,0,28.32430170860728,8.113877169904043,12.170815754856065,2,0.792962648268931,255343,0.7236119417533252,52108,0.8107436732654343,203235,0.143862
25,17,top,0,0,28.32430170860728,8.113877169904043,12.170815754856065,3,0.6896568992023338,196282,0.6148069541943358,46222,0.7127124380413694,150060,0.143862
25,17,top,0,0,28.32430170860728,8.113877169904043,12.170815754856065,5,0.5083182453328694,127560,0.4454546508595801,38174,0.5351653450514131,89386,0.143862
25,17,top,0,0,28.32430170860728,8.113877169904043,12.170815754856065,7,0.37240873047240897,90571,0.33218591420007004,32432,0.3948464465896999,58139,0.143862
25,17,top,0,0,28.32430170860728,8.113877169904043,12.170815754856065,10,0.23471676409801526,59484,0.2184320699110045,25340,0.2468024643878996,34144,0.143862
25,17,top,0,0,28.32430170860728,8.113877169904043,12.170815754856065,15,0.10782686182309001,31876,0.11354564606019929,15516,0.10240310533024308,16360,0.143862
25,17,top,0,0,28.32430170860728,8.113877169904043,12.170815754856065,20,0.04894402085570281,17513,0.056362501530764345,8996,0.04110832141307533,8517,0.143862
25,17,top,0,0,28.32430170860728,8.113877169904043,12.170815754856065,30,0.015677313586418964,5345,0.04047671918196489,2810,-0.011812362833101392,2535,0.143862
25,17,top,0,0,28.32430170860728,8.113877169904043,12.170815754856065,50,0.018197872865236282,480,0.013319296351946251,254,0.023680874787252518,226,0.143862
25,17,top,0,0,28.32430170860728,8.113877169904043,12.170815754856065,75,-0.19608391983992027,23,-0.002344331954268823,11,-0.37367854206843415,12,0.143862
25,17,top,0,0,28.32430170860728,8.113877169904043,12.170815754856065,100,-0.09188611699158103,2,-0.5,1,0.31622776601683794,1,0.143862
25,17,top,0,0,28.32430170860728,8.113877169904043,12.170815754856065,150,,0,,0,,0,0.143862
25,17,top,0,0,28.32430170860728,8.113877169904043,12.170815754856065,200,,0,,0,,0,0.143862
25,17,bot_i,0,1,28.32430170860728,31.30719802134768,12.170815754856065,1,-0.12606763241236832,346916,-0.08110224571610418,58377,-0.13516499664815051,288539,0.14017
25,17,bot_i,0,1,28.32430170860728,31.30719802134768,12.170815754856065,2,-0.07640980783216475,266196,-0.021549263372983508,52607,-0.08992196745820234,213589,0.14017
25,17,bot_i,0,1,28.32430170860728,31.30719802134768,12.170815754856065,3,-0.04918736401483501,215821,0.0017246559953468137,49143,-0.06419815967688657,166678,0.14017
25,17,bot_i,0,1,28.32430170860728,31.30719802134768,12.170815754856065,5,-0.03001625353074779,154638,0.005382611534413777,44686,-0.04440283753378501,109952,0.14017
25,17,bot_i,0,1,28.32430170860728,31.30719802134768,12.170815754856065,7,-0.02558506385481622,116896,0.0026834137657270793,40408,-0.04051907498977575,76488,0.14017
25,17,bot_i,0,1,28.32430170860728,31.30719802134768,12.170815754856065,10,-0.017604213686700728,80039,0.006690100630950111,33066,-0.03470586351165264,46973,0.14017
25,17,bot_i,0,1,28.32430170860728,31.30719802134768,12.170815754856065,15,-0.00257414761785225,43374,0.012399583875525803,20809,-0.016382628834147605,22565,0.14017
25,17,bot_i,0,1,28.32430170860728,31.30719802134768,12.170815754856065,20,0.007690168213884077,23708,0.017206749312957157,11984,-0.002037459548935131,11724,0.14017
25,17,bot_i,0,1,28.32430170860728,31.30719802134768,12.170815754856065,30,0.010641132364611408,7037,0.013047685654655139,3597,0.008124745101737153,3440,0.14017
25,17,bot_i,0,1,28.32430170860728,31.30719802134768,12.170815754856065,50,0.018012763384834943,635,0.01086250175486893,320,0.02527652123114962,315,0.14017
25,17,bot_i,0,1,28.32430170860728,31.30719802134768,12.170815754856065,75,0.11448388175786962,43,0.14070365249866448,23,0.08433114540595558,20,0.14017
25,17,bot_i,0,1,28.32430170860728,31.30719802134768,12.170815754856065,100,0.15811388300841897,2,0.0,1,0.31622776601683794,1,0.14017
25,17,bot_i,0,1,28.32430170860728,31.30719802134768,12.170815754856065,150,,0,,0,,0,0.14017
25,17,bot_i,0,1,28.32430170860728,31.30719802134768,12.170815754856065,200,,0,,0,,0,0.14017
25,17,bot_ii,0,1,28.32430170860728,31.30719802134768,46.96079703202152,1,-0.13155901091593514,347971,-0.08979653467050039,59097,-0.14010265644562034,288874,0.141578
25,17,bot_ii,0,1,28.32430170860728,31.30719802134768,46.96079703202152,2,-0.08515980247952783,267271,-0.03547702396388384,53213,-0.09751051907577445,214058,0.141578
25,17,bot_ii,0,1,28.32430170860728,31.30719802134768,46.96079703202152,3,-0.059027109456760915,216283,-0.013348361396254359,49720,-0.07266247477536102,166563,0.141578
25,17,bot_ii,0,1,28.32430170860728,31.30719802134768,46.96079703202152,5,-0.041189105178083704,153980,-0.006681646956197517,45264,-0.05555631505478976,108716,0.141578
25,17,bot_ii,0,1,28.32430170860728,31.30719802134768,46.96079703202152,7,-0.03808732526840215,115084,-0.011693148994588362,40955,-0.0526696545766928,74129,0.141578
25,17,bot_ii,0,1,28.32430170860728,31.30719802134768,46.96079703202152,10,-0.028205131203968746,77799,-0.006399670869419917,33447,-0.044649197577743535,44352,0.141578
25,17,bot_ii,0,1,28.32430170860728,31.30719802134768,46.96079703202152,15,-0.009272593490042896,42032,0.004455320006315691,21202,-0.023245671836168273,20830,0.141578
25,17,bot_ii,0,1,28.32430170860728,31.30719802134768,46.96079703202152,20,-0.0023923930103226833,22907,0.005807888232546471,12250,-0.011818445860575854,10657,0.141578
25,17,bot_ii,0,1,28.32430170860728,31.30719802134768,46.96079703202152,30,0.014014966919788017,6775,0.013192251747316374,3747,0.015033036190346467,3028,0.141578
25,17,bot_ii,0,1,28.32430170860728,31.30719802134768,46.96079703202152,50,-0.007660093506948703,607,0.021833458974540195,349,-0.04755641062338137,258,0.141578
25,17,bot_ii,0,1,28.32430170860728,31.30719802134768,46.96079703202152,75,-0.019498936416577527,25,-0.07414164397115397,15,0.06246512491528715,10,0.141578
25,17,bot_ii,0,1,28.32430170860728,31.30719802134768,46.96079703202152,100,0.049670824512628456,4,0.06622776601683794,2,0.03311388300841897,2,0.141578
25,17,bot_ii,0,1,28.32430170860728,31.30719802134768,46.96079703202152,150,,0,,0,,0,0.141578
25,17,bot_ii,0,1,28.32430170860728,31.30719802134768,46.96079703202152,200,,0,,0,,0,0.141578
28,14,top,0,0,10.720143669560017,1.7974326977947808,2.696149046692171,1,0.8164317527770047,347109,0.780099790907612,29889,0.8198550111098627,317220,0.07148
28,14,top,0,0,10.720143669560017,1.7974326977947808,2.696149046692171,2,0.6469783367748523,266515,0.6142565400388817,27281,0.6507097601376945,239234,0.07148
28,14,top,0,0,10.720143669560017,1.7974326977947808,2.696149046692171,3,0.5208667465807116,214553,0.5040162093273738,25883,0.5231784148678518,188670,0.07148
28,14,top,0,0,10.720143669560017,1.7974326977947808,2.696149046692171,5,0.37919741354663733,147858,0.39399997776589096,23997,0.37632954445499706,123861,0.07148
28,14,top,0,0,10.720143669560017,1.7974326977947808,2.696149046692171,7,0.3177083908614173,105848,0.3396221206908812,22065,0.31193721474353864,83783,0.07148
28,14,top,0,0,10.720143669560017,1.7974326977947808,2.696149046692171,10,0.2746147870419273,66483,0.2942544479477925,18460,0.2670653182390098,48023,0.07148
28,14,top,0,0,10.720143669560017,1.7974326977947808,2.696149046692171,15,0.23434422650239334,33277,0.23943277515371525,12137,0.23142276410969692,21140,0.07148
28,14,top,0,0,10.720143669560017,1.7974326977947808,2.696149046692171,20,0.19548169974984408,17672,0.1966707198540945,7364,0.19463226784767035,10308,0.07148
28,14,top,0,0,10.720143669560017,1.7974326977947808,2.696149046692171,30,0.1342788525803836,5371,0.132156556217693,2478,0.136096706153402,2893,0.07148
28,14,top,0,0,10.720143669560017,1.7974326977947808,2.696149046692171,50,0.031747778084041,550,0.05047412704223322,283,0.011899250911125724,267,0.07148
28,14,top,0,0,10.720143669560017,1.7974326977947808,2.696149046692171,75,-0.027593967581914552,35,0.003244287700024044,16,-0.053563024661441805,19,0.07148
28,14,top,0,0,10.720143669560017,1.7974326977947808,2.696149046692171,100,0.32360679774997897,2,,0,0.32360679774997897,2,0.07148
28,14,top,0,0,10.720143669560017,1.7974326977947808,2.696149046692171,150,,0,,0,,0,0.07148
28,14,top,0,0,10.720143669560017,1.7974326977947808,2.696149046692171,200,,0,,0,,0,0.07148
28,14,bot_i,0,1,10.720143669560017,11.430455117332231,2.696149046692171,1,-0.14925820590599942,346749,-0.16829475627863652,28850,-0.14753059909322477,317899,0.06956
28,14,bot_i,0,1,10.720143669560017,11.430455117332231,2.696149046692171,2,-0.1028995450960993,246414,-0.13001543516891598,24394,-0.09992024132867647,222020,0.06956
28,14,bot_i,0,1,10.720143669560017,11.430455117332231,2.696149046692171,3,-0.059063035172748524,179130,-0.08747253094082469,20886,-0.055313378132797957,158244,0.06956
28,14,bot_i,0,1,10.720143669560017,11.430455117332231,2.696149046692171,5,0.018567264076337256,101115,-0.0019395389812694225,15912,0.02239699131895707,85203,0.06956
28,14,bot_i,0,1,10.720143669560017,11.430455117332231,2.696149046692171,7,0.08274832284644719,61795,0.07132609502538784,12542,0.08565692904974595,49253,0.06956
28,14,bot_i,0,1,10.720143669560017,11.430455117332231,2.696149046692171,10,0.1509959241958562,33453,0.13813633554919985,9035,0.15575415105399834,24418,0.06956
28,14,bot_i,0,1,10.720143669560017,11.430455117332231,2.696149046692171,15,0.19362275418609037,14885,0.19256375116733845,5323,0.1942122828483816,9562,0.06956
28,14,bot_i,0,1,10.720143669560017,11.430455117332231,2.696149046692171,20,0.19058790069998774,7683,0.18813449956686026,3209,0.19234761554938726,4474,0.06956
28,14,bot_i,0,1,10.720143669560017,11.430455117332231,2.696149046692171,30,0.14291194042757294,2294,0.1384071609323786,1051,0.1467208891399225,1243,0.06956
28,14,bot_i,0,1,10.720143669560017,11.430455117332231,2.696149046692171,50,0.06484688173378902,229,0.055901806036753134,109,0.0729719921585966,120,0.06956
28,14,bot_i,0,1,10.720143669560017,11.430455117332231,2.696149046692171,75,0.036936111951178234,14,-0.03323579985559362,9,0.1632455532033676,5,0.06956
28,14,bot_i,0,1,10.720143669560017,11.430455117332231,2.696149046692171,100,-0.7071067811865476,1,,0,-0.7071067811865476,1,0.06956
28,14,bot_i,0,1,10.720143669560017,11.430455117332231,2.696149046692171,150,,0,,0,,0,0.06956
28,14,bot_i,0,1,10.720143669560017,11.430455117332231,2.696149046692171,200,,0,,0,,0,0.06956
28,14,bot_ii,0,1,10.720143669560017,11.430455117332231,17.145682675998348,1,-0.1503339418752003,347207,-0.17105749361827727,30241,-0.1483567552741753,316966,0.072682
28,14,bot_ii,0,1,10.720143669560017,11.430455117332231,17.145682675998348,2,-0.10421927154874062,246311,-0.13294873443418484,25513,-0.10089960929362898,220798,0.072682
28,14,bot_ii,0,1,10.720143669560017,11.430455117332231,17.145682675998348,3,-0.060709318069765164,178413,-0.08964866748564142,21767,-0.0566880036490029,156646,0.072682
28,14,bot_ii,0,1,10.720143669560017,11.430455117332231,17.145682675998348,5,0.019087193737471475,100411,-0.0033761837112812523,16440,0.023485115939871574,83971,0.072682
28,14,bot_ii,0,1,10.720143669560017,11.430455117332231,17.145682675998348,7,0.08283048701923043,61412,0.07028362853189894,13029,0.08620921548234149,48383,0.072682
28,14,bot_ii,0,1,10.720143669560017,11.430455117332231,17.145682675998348,10,0.14745829061291266,33282,0.1378865095097217,9398,0.1512246446075268,23884,0.072682
28,14,bot_ii,0,1,10.720143669560017,11.430455117332231,17.145682675998348,15,0.1988794278732581,14925,0.1925856524359513,5618,0.20267855008307903,9307,0.072682
28,14,bot_ii,0,1,10.720143669560017,11.430455117332231,17.145682675998348,20,0.19473374044503808,7605,0.18937575220077565,3289,0.19881678570347008,4316,0.072682
28,14,bot_ii,0,1,10.720143669560017,11.430455117332231,17.145682675998348,30,0.12052959120651364,2326,0.13020979503935284,1076,0.11219687174720563,1250,0.072682
28,14,bot_ii,0,1,10.720143669560017,11.430455117332231,17.145682675998348,50,0.12892456435606497,219,0.04369089931142689,101,0.20187880308071288,118,0.072682
28,14,bot_ii,0,1,10.720143669560017,11.430455117332231,17.145682675998348,75,0.21827531063378353,14,0.22647231516708935,7,0.21007830610047765,7,0.072682
28,14,bot_ii,0,1,10.720143669560017,11.430455117332231,17.145682675998348,100,,0,,0,,0,0.072682
28,14,bot_ii,0,1,10.720143669560017,11.430455117332231,17.145682675998348,150,,0,,0,,0,0.072682
28,14,bot_ii,0,1,10.720143669560017,11.430455117332231,17.145682675998348,200,,0,,0,,0,0.072682
28,37,top,0,0,10.720143669560017,2.650272159296277,3.975408238944415,1,0.8852320408885088,347191,0.838954177314567,30445,0.8896801777443357,316746,0.072754
28,37,top,0,0,10.720143669560017,2.650272159296277,3.975408238944415,2,0.7612577715654243,256718,0.6958390291356645,26808,0.7688857374959287,229910,0.072754
28,37,top,0,0,10.720143669560017,2.650272159296277,3.975408238944415,3,0.6485283566690958,197955,0.5809242287649259,24308,0.657991930131937,173647,0.072754
28,37,top,0,0,10.720143669560017,2.650272159296277,3.975408238944415,5,0.47571503994060843,127069,0.4258890176256012,21009,0.4855848768520244,106060,0.072754
28,37,top,0,0,10.720143669560017,2.650272159296277,3.975408238944415,7,0.3679193104806985,87847,0.3394231491771277,18670,0.37561006508898304,69177,0.072754
28,37,top,0,0,10.720143669560017,2.650272159296277,3.975408238944415,10,0.2752111590019258,54781,0.26885077964327514,15320,0.27768045810163194,39461,0.072754
28,37,top,0,0,10.720143669560017,2.650272159296277,3.975408238944415,15,0.19980174411819224,28007,0.20741394380648262,10364,0.19533012151604467,17643,0.072754
28,37,top,0,0,10.720143669560017,2.650272159296277,3.975408238944415,20,0.15042574015946863,15464,0.15790826651238737,6545,0.14493486282122472,8919,0.072754
28,37,top,0,0,10.720143669560017,2.650272159296277,3.975408238944415,30,0.0941098941941423,5128,0.10602563745045426,2407,0.08356921282040546,2721,0.072754
28,37,top,0,0,10.720143669560017,2.650272159296277,3.975408238944415,50,0.060998450396238725,600,0.10123614892148944,282,0.02531596302478995,318,0.072754
28,37,top,0,0,10.720143669560017,2.650272159296277,3.975408238944415,75,-0.043686914865101324,50,-0.06633053149578723,24,-0.02278511489831434,26,0.072754
28,37,top,0,0,10.720143669560017,2.650272159296277,3.975408238944415,100,-0.254480453838932,3,-0.38172068075839793,2,0.0,1,0.072754
28,37,top,0,0,10.720143669560017,2.650272159296277,3.975408238944415,150,,0,,0,,0,0.072754
28,37,top,0,0,10.720143669560017,2.650272159296277,3.975408238944415,200,,0,,0,,0,0.072754
28,37,bot_i,0,1,10.720143669560017,10.225173426977573,3.975408238944415,1,-0.15854148064268472,347219,-0.16754267962331976,29329,-0.1577110167563241,317890,0.070108
28,37,bot_i,0,1,10.720143669560017,10.225173426977573,3.975408238944415,2,-0.10737169473134932,251411,-0.10335641417770022,25370,-0.10782235486666145,226041,0.070108
28,37,bot_i,0,1,10.720143669560017,10.225173426977573,3.975408238944415,3,-0.052524069162944734,188974,-0.027939159960525088,22436,-0.05583614822513221,166538,0.070108
28,37,bot_i,0,1,10.720143669560017,10.225173426977573,3.975408238944415,5,0.04778583242671805,115221,0.10233049088731255,18449,0.03738722121745102,96772,0.070108
28,37,bot_i,0,1,10.720143669560017,10.225173426977573,3.975408238944415,7,0.12698551640679454,76194,0.18433403076390475,15706,0.11209469894729106,60488,0.070108
28,37,bot_i,0,1,10.720143669560017,10.225173426977573,3.975408238944415,10,0.19279251157888808,45617,0.23425472091234184,12494,0.1771529607105333,33123,0.070108
28,37,bot_i,0,1,10.720143669560017,10.225173426977573,3.975408238944415,15,0.22374310024456567,22698,0.24220841443417876,8284,0.21313073291093187,14414,0.070108
28,37,bot_i,0,1,10.720143669560017,10.225173426977573,3.975408238944415,20,0.19830095003827053,12563,0.20572776726813868,5301,0.19287963936139216,7262,0.070108
28,37,bot_i,0,1,10.720143669560017,10.225173426977573,3.975408238944415,30,0.1435870141676024,4136,0.12770852854763076,1954,0.157806336303911,2182,0.070108
28,37,bot_i,0,1,10.720143669560017,10.225173426977573,3.975408238944415,50,0.06041580841891922,545,0.060203275689566696,268,0.060621435752733335,277,0.070108
28,37,bot_i,0,1,10.720143669560017,10.225173426977573,3.975408238944415,75,-0.054236726148130895,32,0.10850560286805626,14,-0.1808140931607209,18,0.070108
28,37,bot_i,0,1,10.720143669560017,10.225173426977573,3.975408238944415,100,-0.14907119849998599,3,-0.4472135954999579,1,0.0,2,0.070108
28,37,bot_i,0,1,10.720143669560017,10.225173426977573,3.975408238944415,150,,0,,0,,0,0.070108
28,37,bot_i,0,1,10.720143669560017,10.225173426977573,3.975408238944415,200,,0,,0,,0,0.070108
28,37,bot_ii,0,1,10.720143669560017,10.225173426977573,15.33776014046636,1,-0.15871324169024864,347880,-0.1652208575829269,30194,-0.15809473488102466,317686,0.072026
28,37,bot_ii,0,1,10.720143669560017,10.225173426977573,15.33776014046636,2,-0.1085979552358707,252113,-0.10214987141638023,26018,-0.1093399718431125,226095,0.072026
28,37,bot_ii,0,1,10.720143669560017,10.225173426977573,15.33776014046636,3,-0.05463061913391178,189304,-0.02708465231272613,23103,-0.05845968437096815,166201,0.072026
28,37,bot_ii,0,1,10.720143669560017,10.225173426977573,15.33776014046636,5,0.046340396758895834,115870,0.10513660388508643,19005,0.034804528112465066,96865,0.072026
28,37,bot_ii,0,1,10.720143669560017,10.225173426977573,15.33776014046636,7,0.12488590711572294,76532,0.18279577963845617,16217,0.1093155779654465,60315,0.072026
28,37,bot_ii,0,1,10.720143669560017,10.225173426977573,15.33776014046636,10,0.19324304443570448,45766,0.23035706866095618,12874,0.17871653501468424,32892,0.072026
28,37,bot_ii,0,1,10.720143669560017,10.225173426977573,15.33776014046636,15,0.22265089782174063,22674,0.24218366676110092,8531,0.21086881114834058,14143,0.072026
28,37,bot_ii,0,1,10.720143669560017,10.225173426977573,15.33776014046636,20,0.19609277337790623,12589,0.20803415282452742,5448,0.18698247576900762,7141,0.072026
28,37,bot_ii,0,1,10.720143669560017,10.225173426977573,15.33776014046636,30,0.1258134329673393,4266,0.12045069488509366,2081,0.13092091944292597,2185,0.072026
28,37,bot_ii,0,1,10.720143669560017,10.225173426977573,15.33776014046636,50,0.10657977675711126,487,0.07350029481884063,249,0.1411881423143776,238,0.072026
28,37,bot_ii,0,1,10.720143669560017,10.225173426977573,15.33776014046636,75,-0.014490432064949911,44,-0.07038687567597333,23,0.04672948236617096,21,0.072026
28,37,bot_ii,0,1,10.720143669560017,10.225173426977573,15.33776014046636,100,0.008552783658247687,2,0.3333333333333333,1,-0.31622776601683794,1,0.072026
28,37,bot_ii,0,1,10.720143669560017,10.225173426977573,15.33776014046636,150,,0,,0,,0,0.072026
28,37,bot_ii,0,1,10.720143669560017,10.225173426977573,15.33776014046636,200,,0,,0,,0,0.072026
